,Year_of_award,Nominees,Laureate,Birth_year,Death_year,Affiliation,Rationale,Country_of_birth,Officialstatename,InternetccTLD,iso2,iso3
0,1901,"Jacobus Henricus van 't Hoff , Emil Fischer , Svante Arrhenius , Henri Moissan , Zdenko Hans Skraup , Marcellin Berthelot , William Jackson Pope",Jacobus Henricus van 't Hoff,1852,1911,Humboldt University of Berlin,"""[for his] discovery of the laws of chemical dynamics and osmotic pressure in solutions""",Netherlands,,,,
1,1902,"Emil Fischer , Svante Arrhenius , Henri Moissan , Marcellin Berthelot , William Ramsay , Adolf von Baeyer , Theodore William Richards , Rudolf Knietsch , Johannes Wislicenus , Oliver Wolcott Gibbs , Edward Williams Morley , Armand Gautier",Hermann Emil Fischer,1852,1919,,"""[for] his work on sugar and purine syntheses""",GERMANY,The Federal Republic of Germany,.de,DE,DEU
2,1903,"Svante Arrhenius , Henri Moissan , Marcellin Berthelot , William Ramsay , Adolf von Baeyer , Harmon Northrop Morse",Svante August Arrhenius,1859,1927,,"""[for] his electrolytic theory of dissociation""",SWEDEN,The Kingdom of Sweden,.se,SE,SWE
3,1904,"Henri Moissan , Marcellin Berthelot , William Ramsay , Adolf von Baeyer , Wilhelm Ostwald",Sir William Ramsay,1852,1916,,"""[for his] discovery of the inert gaseous elements in air, and his determination of their place in the periodic system""",United Kingdom,,,,
4,1905,"Henri Moissan , Adolf von Baeyer , Theodore William Richards , Wilhelm Ostwald , Eduard Buchner , Dmitri Mendeleev , Giacomo Ciamician , Henry Louis Le Chatelier",Adolf von Baeyer,1835,1917,Ludwig Maximilian University of Munich,"""[for] the advancement of organic chemistry and the chemical industry, through his work on organic dyes and hydroaromatic compounds""",GERMANY,The Federal Republic of Germany,.de,DE,DEU
5,1906,"Henri Moissan , Marcellin Berthelot , Wilhelm Ostwald , Dmitri Mendeleev , Victor Grignard",Henri Moissan,1852,1907,Sorbonne University,"""[for his] investigation and isolation of the element fluorine, and for [the] electric furnace called after him""",FRANCE,The French Republic,.fr,FR,FRA
6,1907,"Marcellin Berthelot , William Jackson Pope , Wilhelm Ostwald , Eduard Buchner , Dmitri Mendeleev , Giacomo Ciamician , Henry Louis Le Chatelier , Ernest Rutherford , Otto Wallach , Alfred Werner , Fredrik Adolf Kjellin , Stanislao Cannizzaro , Sophus Mads Jørgensen , William Crookes , Heinrich Caro , Adolph Frank , Samuel Eyde , Kristian Birkeland , Theodor Curtius , Albin Haller",Eduard Buchner,1860,1917,Agricultural University of Berlin,"""for his biochemical researches and his discovery of cell-free fermentation""",GERMANY,The Federal Republic of Germany,.de,DE,DEU
7,1908,"Theodore William Richards , Edward Williams Morley , Wilhelm Ostwald , Giacomo Ciamician , Henry Louis Le Chatelier , Ernest Rutherford , Otto Wallach , Alfred Werner , William Crookes , Theodor Curtius , Richard Willstätter , Frederick Soddy , Albrecht Kossel , Gustaf de Laval , Georg Lunge , Arthur Rudolf Hantzsch",Ernest Rutherford,1871,1937,Victoria University of Manchester,"""for his investigations into the disintegration of the elements, and the chemistry of radioactive substances""",United Kingdom,,,,
8,1909,"Theodore William Richards , Wilhelm Ostwald , Henry Louis Le Chatelier , Victor Grignard , William Crookes , Samuel Eyde , Kristian Birkeland , Theodor Curtius , Richard Willstätter , Edmund Oscar von Lippmann , Hans Heinrich Landolt , Otto Schönherr , Karl Engler , Jean-Baptiste Senderens , Gabriel Bertrand",Wilhelm Ostwald,1853,1932,Leipzig University,"""[for] his work on catalysis and for his investigations into the fundamental principles governing chemical equilibria and rates of reaction""",GERMANY,The Federal Republic of Germany,.de,DE,DEU
9,1910,"Theodore William Richards , Edward Williams Morley , Harmon Northrop Morse , Victor Grignard , Otto Wallach , William Crookes , Heinrich Caro , Adolph Frank , Theodor Curtius , Hans Heinrich Landolt , Karl Engler , Carl Theodore Liebermann , Walther Spring , Pierre-Émile Martin , James Dewar , Heike Kamerlingh Onnes",Otto Wallach,1847,1931,University of Göttingen,"""[for] his services to organic chemistry and the chemical industry by his pioneer work in the field of alicyclic compounds""",GERMANY,The Federal Republic of Germany,.de,DE,DEU
10,1911,"Theodore William Richards , Giacomo Ciamician , Alfred Werner , Richard Willstätter , Karl Engler , James Dewar , Heike Kamerlingh Onnes , Marie Curie , Paul Ehrlich , Sahachiro Hata , William Henry Perkin Jr. , Angelo Angeli , Gustav Heinrich Johann Apollon Tammann","Marie Curie, née Skłodowska",1867,1934,,"""[for] the discovery of the elements radium and polonium, by the isolation of radium and the study of the nature and compounds of this remarkable element""",POLAND,The Republic of Poland,.pl,PL,POL
11,1912,"Theodore William Richards , Giacomo Ciamician , Victor Grignard , Alfred Werner , Kristian Birkeland , Albin Haller , Richard Willstätter , Otto Schönherr , William Henry Perkin Jr. , Fritz Haber , Hilaire de Chardonnet , Philippe Barbier , Georges Urbain",Victor Grignard,1871,1935,Nancy-Université,"""for the discovery of the [...] Grignard reagent""",FRANCE,The French Republic,.fr,FR,FRA
12,1912,"Theodore William Richards , Giacomo Ciamician , Victor Grignard , Alfred Werner , Kristian Birkeland , Albin Haller , Richard Willstätter , Otto Schönherr , William Henry Perkin Jr. , Fritz Haber , Hilaire de Chardonnet , Philippe Barbier , Georges Urbain",Paul Sabatier,1854,1941,University of Toulouse,"""for his method of hydrogenating organic compounds in the presence of finely disintegrated metals""",FRANCE,The French Republic,.fr,FR,FRA
13,1913,"Theodore William Richards , Alfred Werner , Samuel Eyde , Kristian Birkeland , Theodor Curtius , Richard Willstätter , William Henry Perkin Jr. , Angelo Angeli , Fritz Haber , Georges Urbain , Richard Adolf Zsigmondy , Karol Olszewski , Theodor Zincke , William Küster , Leon Marchlewski , Carl Harries , Albert Recoura",Alfred Werner,1866,1919,University of Zurich,"""[for] his work on the linkage of atoms in molecules [...] especially in inorganic chemistry""",SWITZERLAND,The Swiss Confederation,.ch,CH,CHE
14,1914,"Theodore William Richards , Giacomo Ciamician , Henry Louis Le Chatelier , Theodor Curtius , Richard Willstätter , William Henry Perkin Jr. , Carl Harries , Ernst Schmidt , Alexander Tschirch",Theodore William Richards,1868,1928,Harvard University,"""[for] his accurate determinations of the atomic weight of a large number of chemical elements""",United States,,,,
15,1915,"Theodore William Richards , Henry Louis Le Chatelier , Richard Willstätter , Gustav Heinrich Johann Apollon Tammann , Fritz Haber , Georges Urbain , Richard Adolf Zsigmondy , Carl Harries , Albert Recoura , William Henry Bragg , Henry Moseley , Charles Galton Darwin , Édouard Branly , Eugen Herzfeld , Emanuele Paternò , Emil Abderhalden , Jean Baptiste Perrin",Richard Martin Willstätter,1872,1942,,"""for his researches on plant pigments, especially chlorophyll""",GERMANY,The Federal Republic of Germany,.de,DE,DEU
16,1916,"Emil Fischer , Armand Gautier , Giacomo Ciamician , Adolph Frank , Theodor Curtius , Albin Haller , Karl Engler , Fritz Haber , Georges Urbain , Theodor Svedberg , Carl Bosch , Émile Bourquelot , Frank Wigglesworth Clarke , Felix Ehrlich , Josef Maria Eder",Not awarded,,Alive,,Not awarded,Not awarded,,,,
17,1917,"Theodor Curtius , Angelo Angeli , Georges Urbain , Carl Harries , Alexander Tschirch , Fritz Pregl , Knut Jacob Beskow , Arthur Ramén , Philippe-Auguste Guye , Amé Pictet",Not awarded,,Alive,,Not awarded,Not awarded,,,,
18,1918,"Frederick Soddy , William Henry Perkin Jr. , Fritz Haber , Emil Abderhalden , Theodor Svedberg , Philippe-Auguste Guye , Hartog Jacob Hamburger , Mikhail Tsvet , Wilhelm Schlenk",Fritz Haber,1868,1934,Fritz Haber Institute of the Max Planck Society,"""for the synthesis of ammonia from its elements""",GERMANY,The Federal Republic of Germany,.de,DE,DEU
19,1919,"Emil Fischer , Giacomo Ciamician , Theodor Curtius , Albin Haller , Frederick Soddy , William Henry Perkin Jr. , Fritz Haber , Jean Baptiste Perrin , Theodor Svedberg , Philippe-Auguste Guye , Martinus Beijerinck , Edward Curtis Franklin",Not awarded,,Alive,,Not awarded,Not awarded,,,,
20,1920,"Henry Louis Le Chatelier , Albin Haller , William Henry Perkin Jr. , Philippe Barbier , Georges Urbain , Jean Baptiste Perrin , Theodor Svedberg , Carl Bosch , Philippe-Auguste Guye , Amé Pictet , Wilhelm Schlenk , Martinus Beijerinck , Niels Bohr , Otto Philipp Fischer , Arthur Amos Noyes , Domingo Emilio Noelting , Ossian Aschan",Walther Hermann Nernst,1864,1941,Humboldt University of Berlin,"""[for] his work in thermochemistry""",GERMANY,The Federal Republic of Germany,.de,DE,DEU
21,1921,"Giacomo Ciamician , Henry Louis Le Chatelier , Theodor Curtius , Albin Haller , Gustav Heinrich Johann Apollon Tammann , Georges Urbain , Richard Adolf Zsigmondy , Albert Recoura , Josef Maria Eder , Philippe-Auguste Guye , Edward Curtis Franklin , Charles Moureu , Søren Peter Lauritz Sørensen , Herbert Freundlich , Moses Gomberg , Sergei Winogradsky",Frederick Soddy,1877,1956,University of Oxford,"""for his contributions to our knowledge of the chemistry of radioactive substances, and his investigations into the origin and nature of isotopes""",United Kingdom,,,,
22,1922,"Henry Louis Le Chatelier , Theodor Curtius , Albin Haller , Frederick Soddy , Angelo Angeli , Gustav Heinrich Johann Apollon Tammann , Philippe Barbier , Georges Urbain , Richard Adolf Zsigmondy , Albert Recoura , Jean Baptiste Perrin , Fritz Pregl , Philippe-Auguste Guye , Ossian Aschan , Søren Peter Lauritz Sørensen , Moses Gomberg , Francis William Aston , Arnold Frederick Holleman , Carl Auer von Welsbach , Nikodem Caro , Gilbert Newton Lewis",Francis William Aston,1877,1945,University of Cambridge,"""for his discovery, by means of his mass spectrograph, of isotopes, in a large number of non-radioactive elements, and for his enunciation of the whole-number rule""",United Kingdom,,,,
23,1923,"Theodor Curtius , Albin Haller , Gustav Heinrich Johann Apollon Tammann , Georges Urbain , Richard Adolf Zsigmondy , Jean Baptiste Perrin , Theodor Svedberg , Fritz Pregl , Ossian Aschan , Søren Peter Lauritz Sørensen , Carl Auer von Welsbach , Carl Auer von Welsbach , Henry Siedentopf , Frederick Belding Power[128]",Fritz Pregl,1869,1930,University of Graz,"""for his invention of the method of micro-analysis of organic substances""",AUSTRIA,The Republic of Austria,.at,AT,AUT
24,1924,"Theodor Curtius , Albin Haller , Angelo Angeli , Gustav Heinrich Johann Apollon Tammann , Georges Urbain , Richard Adolf Zsigmondy , Albert Recoura , Jean Baptiste Perrin , Theodor Svedberg , Amé Pictet , Wilhelm Schlenk , Ossian Aschan , Søren Peter Lauritz Sørensen , Moses Gomberg , Gilbert Newton Lewis , Henry Siedentopf , Heinrich Otto Wieland , Hans von Euler-Chelpin , George de Hevesy , Friedrich Emich , Dirk Coster",Not awarded,,Alive,,Not awarded,Not awarded,,,,
25,1925,"Albin Haller , William Henry Perkin Jr. , Georges Urbain , Jean Baptiste Perrin , Wilhelm Schlenk , Ossian Aschan , Carl Auer von Welsbach , Gilbert Newton Lewis , Frederick Belding Power[128] , Heinrich Otto Wieland , Hans von Euler-Chelpin , Friedrich Emich , André-Louis Debierne",Richard Adolf Zsigmondy,1865,1929,University of Göttingen,"""for his demonstration of the heterogeneous nature of colloid solutions and for the methods he used""",GERMANY,The Federal Republic of Germany,.de,DE,DEU
26,1926,"Henry Louis Le Chatelier , Angelo Angeli , Gustav Heinrich Johann Apollon Tammann , Georges Urbain , Richard Adolf Zsigmondy , Jean Baptiste Perrin , Theodor Svedberg , Carl Bosch , Amé Pictet , Gilbert Newton Lewis , Heinrich Otto Wieland , Hans von Euler-Chelpin , Adolf Windaus , Fritz Foerster , Piero Ginori Conti , Giuseppe Oddo , Casimir Funk , Paul Pascal",The (Theodor) Svedberg,1884,1971,,"""for his work on disperse systems""",SWEDEN,The Kingdom of Sweden,.se,SE,SWE
27,1927,"William Jackson Pope , Henry Louis Le Chatelier , Arthur Rudolf Hantzsch , Gustav Heinrich Johann Apollon Tammann , Georges Urbain , Moses Gomberg , Heinrich Otto Wieland , Hans von Euler-Chelpin , George de Hevesy , Dirk Coster , Adolf Windaus , Paul Pascal , Irving Langmuir , Peter Debye , Frederick Gowland Hopkins , Herbert Baker , Ernst Cohen , Olof Hammarsten , Julius Bredt , Kurt Gustav Peters , Friedrich Paneth , Niels Bjerrum",Heinrich Otto Wieland,1877,1957,Ludwig Maximilian University of Munich,"""for his investigations of the constitution of the bile acids and related substances""",GERMANY,The Federal Republic of Germany,.de,DE,DEU
28,1928,"Henry Louis Le Chatelier , Victor Grignard , Jean-Baptiste Senderens , Gabriel Bertrand , Angelo Angeli , Gustav Heinrich Johann Apollon Tammann , Georges Urbain , Alexander Tschirch , Herbert Freundlich , Moses Gomberg , Heinrich Otto Wieland , Hans von Euler-Chelpin , Adolf Windaus , Irving Langmuir , Peter Debye , Robert Robinson , Samuel Colville Lind , Kazimierz Fajans , Bruno Tacke , Hans Fischer",Adolf Otto Reinhold Windaus,1876,1959,University of Göttingen,"""[for] his research into the constitution of the sterols and their connection with the vitamins""",GERMANY,The Federal Republic of Germany,.de,DE,DEU
29,1929,"Henry Louis Le Chatelier , Jean-Baptiste Senderens , Gabriel Bertrand , William Henry Perkin Jr. , Gustav Heinrich Johann Apollon Tammann , Georges Urbain , Carl Bosch , Amé Pictet , Wilhelm Schlenk , Niels Bohr , Charles Moureu , Moses Gomberg , Carl Auer von Welsbach , Gilbert Newton Lewis , Hans von Euler-Chelpin , George de Hevesy , Dirk Coster , Irving Langmuir , Peter Debye , Hans Fischer , Alfred Fabian Hess , Arthur Harden , Friedrich Bergius , Walter Norman Haworth , Otto Heinrich Warburg , George Barger , Charles Harington , Kurt Bennewitz , Johannes van Laar , Alfred Stock , Carl Neuberg , Frédéric Swarts , Max Bodenstein , Otto Ruff , Victor Goldschmidt , Johannes Nicolaus Brønsted , Charles Dufraisse",Arthur Harden,1865,1940,University College London,"""for their investigations on the fermentation of sugar and fermentative enzymes""",United Kingdom,,,,
30,1929,"Henry Louis Le Chatelier , Jean-Baptiste Senderens , Gabriel Bertrand , William Henry Perkin Jr. , Gustav Heinrich Johann Apollon Tammann , Georges Urbain , Carl Bosch , Amé Pictet , Wilhelm Schlenk , Niels Bohr , Charles Moureu , Moses Gomberg , Carl Auer von Welsbach , Gilbert Newton Lewis , Hans von Euler-Chelpin , George de Hevesy , Dirk Coster , Irving Langmuir , Peter Debye , Hans Fischer , Alfred Fabian Hess , Arthur Harden , Friedrich Bergius , Walter Norman Haworth , Otto Heinrich Warburg , George Barger , Charles Harington , Kurt Bennewitz , Johannes van Laar , Alfred Stock , Carl Neuberg , Frédéric Swarts , Max Bodenstein , Otto Ruff , Victor Goldschmidt , Johannes Nicolaus Brønsted , Charles Dufraisse",Hans Karl August Simon von Euler-Chelpin,1873,1964,Stockholm University,"""for their investigations on the fermentation of sugar and fermentative enzymes""",SWEDEN,The Kingdom of Sweden,.se,SE,SWE
31,1930,"Henry Louis Le Chatelier , Gustav Heinrich Johann Apollon Tammann , Georges Urbain , Carl Bosch , Amé Pictet , Gilbert Newton Lewis , Hans Fischer , Walter Norman Haworth , Carl Neuberg , Max Bodenstein , Otto Ruff , Victor Goldschmidt , Percy Williams Bridgman , Carl F. Schmidt , Arnold Eucken , Karl-Friedrich Bonhoeffer",Hans Fischer,1881,1945,Technical University of Munich,"""for his researches into the constitution of haemin and chlorophyll and especially for his synthesis of haemin""",GERMANY,The Federal Republic of Germany,.de,DE,DEU
32,1931,"Henry Louis Le Chatelier , Gabriel Bertrand , Angelo Angeli , Gustav Heinrich Johann Apollon Tammann , Georges Urbain , Carl Bosch , Amé Pictet , Ossian Aschan , Gilbert Newton Lewis , Irving Langmuir , Peter Debye , Niels Bjerrum , Friedrich Bergius , Walter Norman Haworth , Otto Heinrich Warburg , Carl Neuberg , Max Bodenstein , Otto Ruff , Victor Goldschmidt , Leopold Ružička , Hermann Staudinger , Werner Schulemann , Karl von Auwers , Frederick George Donnan , Peter Klason , James Irvine , Werner Kuhn",Carl Bosch,1874,1940,"Heidelberg University,IG Farben","""[for] their contributions to the invention and development of chemical high pressure methods""",GERMANY,The Federal Republic of Germany,.de,DE,DEU
33,1931,"Henry Louis Le Chatelier , Gabriel Bertrand , Angelo Angeli , Gustav Heinrich Johann Apollon Tammann , Georges Urbain , Carl Bosch , Amé Pictet , Ossian Aschan , Gilbert Newton Lewis , Irving Langmuir , Peter Debye , Niels Bjerrum , Friedrich Bergius , Walter Norman Haworth , Otto Heinrich Warburg , Carl Neuberg , Max Bodenstein , Otto Ruff , Victor Goldschmidt , Leopold Ružička , Hermann Staudinger , Werner Schulemann , Karl von Auwers , Frederick George Donnan , Peter Klason , James Irvine , Werner Kuhn",Friedrich Bergius,1884,1949,"Heidelberg University,IG Farben","""[for] their contributions to the invention and development of chemical high pressure methods""",GERMANY,The Federal Republic of Germany,.de,DE,DEU
34,1932,"Gabriel Bertrand , Georges Urbain , Amé Pictet , Søren Peter Lauritz Sørensen , Nikodem Caro , Gilbert Newton Lewis , Irving Langmuir , Peter Debye , Friedrich Paneth , Carl Neuberg , Frédéric Swarts , Max Bodenstein , Otto Ruff , Victor Goldschmidt , Hermann Staudinger , Peter Klason , Paul Karrer , Richard Kuhn , Otto Diels , Gustav Embden , Walter Noddack",Irving Langmuir,1881,1957,General Electric,"""for his discoveries and investigations in surface chemistry""",United States,,,,
35,1933,"Gabriel Bertrand , Gustav Heinrich Johann Apollon Tammann , Georges Urbain , Amé Pictet , Søren Peter Lauritz Sørensen , Nikodem Caro , Gilbert Newton Lewis , Heinrich Otto Wieland , George de Hevesy , Dirk Coster , Peter Debye , Robert Robinson , Carl Neuberg , Frédéric Swarts , Max Bodenstein , Otto Ruff , Victor Goldschmidt , Johannes Nicolaus Brønsted , Frederick George Donnan , Paul Karrer , Otto Diels , Walter Noddack , Ida Tacke Noddack , Artturi Ilmari Virtanen , Ernst Späth , Emil Votoček",Not awarded,,Alive,,Not awarded,Not awarded,,,,
36,1934,"Henry Louis Le Chatelier , Walther Nernst , Gabriel Bertrand , Georges Urbain , Otto Hahn , Søren Peter Lauritz Sørensen , Gilbert Newton Lewis , Heinrich Otto Wieland , George de Hevesy , Lise Meitner , Peter Debye , Kazimierz Fajans , Walter Norman Haworth , Carl Neuberg , Max Bodenstein , Otto Ruff , Victor Goldschmidt , Arnold Eucken , Karl-Friedrich Bonhoeffer , Hermann Staudinger , Peter Klason , Paul Karrer , Otto Diels , Walter Noddack , Artturi Ilmari Virtanen , Adolf Butenandt , Jaroslav Heyrovský , Harold Clayton Urey , Edward Wight Washburn , Fritz Kögl , Erik Karl Mauritz Hägglund , Willard Libby , Efraim Racker , Henry Montague (Monty) Frey",Harold Clayton Urey,1893,1981,Columbia University,"""for his discovery of heavy hydrogen""",United States,,,,
37,1935,"Gabriel Bertrand , Gustav Heinrich Johann Apollon Tammann , Søren Peter Lauritz Sørensen , Gilbert Newton Lewis , George de Hevesy , Peter Debye , Friedrich Paneth , Robert Robinson , Walter Norman Haworth , Carl Neuberg , Frédéric Swarts , Max Bodenstein , Otto Ruff , Leopold Ružička , Hermann Staudinger , Peter Klason , James Irvine , Paul Karrer , Richard Kuhn , Otto Diels , Walter Noddack , Ida Tacke Noddack , Artturi Ilmari Virtanen , Adolf Butenandt , Fritz Kögl , Frédéric Joliot , Irène Joliot-Curie , Enrico Fermi , George Oliver Curme Jr. , Phoebus Levene , Colin Garfield Fink[220] , Max Bergmann",Frédéric Joliot,1900,1958,,"""[for] their synthesis of new radioactive elements""",FRANCE,The French Republic,.fr,FR,FRA
38,1935,"Gabriel Bertrand , Gustav Heinrich Johann Apollon Tammann , Søren Peter Lauritz Sørensen , Gilbert Newton Lewis , George de Hevesy , Peter Debye , Friedrich Paneth , Robert Robinson , Walter Norman Haworth , Carl Neuberg , Frédéric Swarts , Max Bodenstein , Otto Ruff , Leopold Ružička , Hermann Staudinger , Peter Klason , James Irvine , Paul Karrer , Richard Kuhn , Otto Diels , Walter Noddack , Ida Tacke Noddack , Artturi Ilmari Virtanen , Adolf Butenandt , Fritz Kögl , Frédéric Joliot , Irène Joliot-Curie , Enrico Fermi , George Oliver Curme Jr. , Phoebus Levene , Colin Garfield Fink[220] , Max Bergmann",Irène Joliot-Curie,1897,1956,Institut du Radium,"""[for] their synthesis of new radioactive elements""",FRANCE,The French Republic,.fr,FR,FRA
39,1936,"Gustav Heinrich Johann Apollon Tammann , Georges Urbain , Ossian Aschan , Herbert Freundlich , George de Hevesy , Peter Debye , Robert Robinson , Bruno Tacke , Walter Norman Haworth , Max Bodenstein , Otto Ruff , Victor Goldschmidt , Leopold Ružička , James Irvine , Paul Karrer , Richard Kuhn , Otto Diels , Artturi Ilmari Virtanen , Adolf Butenandt , Fritz Kögl , Enrico Fermi , William Giauque , Kurt Alder , William Arthur Bone , Jacob Heslinga , Henri ter Meulen , Otto Hönigschmid , Jens Möller , Umetaro Suzuki , Wojciech Świętosławski",Peter Debye,1884,1966,"Humboldt University of Berlin,Max Planck Institute for Physics","""[for his work on] molecular structure through his investigations on dipole moments and the diffraction of X-rays and electrons in gases""",Netherlands,,,,
40,1937,"Gustav Heinrich Johann Apollon Tammann , Walter Norman Haworth , Max Bodenstein , Otto Ruff , Karl-Friedrich Bonhoeffer , Leopold Ružička , Paul Karrer , Richard Kuhn , Otto Diels , Walter Noddack , Ida Tacke Noddack , Artturi Ilmari Virtanen , Fritz Kögl , Enrico Fermi , William Giauque , Hugo Theorell , Marc Tiffeneau , Arthur Heinrich Binz , Curt Räth[238] , Franz Joseph Emil Fischer , Fritz Hofmann , Gustaf Komppa , Paul Harteck , Fritz London",Walter Norman Haworth,1883,1950,,"""for his investigations on carbohydrates and vitamin C""",United Kingdom,,,,
41,1937,"Gustav Heinrich Johann Apollon Tammann , Walter Norman Haworth , Max Bodenstein , Otto Ruff , Karl-Friedrich Bonhoeffer , Leopold Ružička , Paul Karrer , Richard Kuhn , Otto Diels , Walter Noddack , Ida Tacke Noddack , Artturi Ilmari Virtanen , Fritz Kögl , Enrico Fermi , William Giauque , Hugo Theorell , Marc Tiffeneau , Arthur Heinrich Binz , Curt Räth[238] , Franz Joseph Emil Fischer , Fritz Hofmann , Gustaf Komppa , Paul Harteck , Fritz London",Paul Karrer,1889,1971,University of Zurich,"""for his investigations on carotenoids, flavins and vitamins A and B2""",SWITZERLAND,The Swiss Confederation,.ch,CH,CHE
42,1938,"Walther Nernst , Otto Hahn , Moses Gomberg , Lise Meitner , Robert Robinson , Leopold Ružička , Artturi Ilmari Virtanen , Adolf Butenandt , Jaroslav Heyrovský , Hugo Theorell , Wendell Meredith Stanley , Jacob Böeseken , William Draper Harkins , Victor Henri , Vladimir Ipatieff , Arthur Stoll , Willard Libby , Efraim Racker , Henry Montague (Monty) Frey",Richard Kuhn,1900,1967,"Heidelberg University,Max Planck Institute for Medical Research","""for his work on carotenoids and vitamins""",GERMANY,The Federal Republic of Germany,.de,DE,DEU
43,1939,"George de Hevesy , Friedrich Paneth , Robert Robinson , Leopold Ružička , Hermann Staudinger , Richard Kuhn , Artturi Ilmari Virtanen , Adolf Butenandt , Wendell Meredith Stanley , Frederick Charles Bawden , Norman Pirie , Georg Bredig , Paul Job[255] , Maurice Piettre[257] , Francesco Giordani , Dorothy Maud Wrinch , Conrad Elvehjem , Ernest Fourneau , Robley Cook Williams",Adolf Friedrich Johann Butenandt,1903,1995,"Max Planck Institute of Biochemistry,Humboldt University of Berlin","""for his work on sex hormones""",GERMANY,The Federal Republic of Germany,.de,DE,DEU
44,1939,"George de Hevesy , Friedrich Paneth , Robert Robinson , Leopold Ružička , Hermann Staudinger , Richard Kuhn , Artturi Ilmari Virtanen , Adolf Butenandt , Wendell Meredith Stanley , Frederick Charles Bawden , Norman Pirie , Georg Bredig , Paul Job[255] , Maurice Piettre[257] , Francesco Giordani , Dorothy Maud Wrinch , Conrad Elvehjem , Ernest Fourneau , Robley Cook Williams",Leopold Ružička,1887,1976,ETH Zurich,"""for his work on polymethylenes and higher terpenes""",Kingdom of Yugoslavia,,,,
45,1940,"Walther Nernst , Otto Hahn , Moses Gomberg , Gilbert Newton Lewis , George de Hevesy , Lise Meitner , Robert Robinson , Victor Goldschmidt , Jaroslav Heyrovský , Fritz Kögl , Arthur Stoll , Ernest Fourneau , Robley Cook Williams , Linus Pauling , Fritz Weigert , Jacques Tréfouël , Christopher Kelk Ingold , John Howard Northrop , Willard Libby , Efraim Racker , Henry Montague (Monty) Frey",Not awarded,,Alive,,Not awarded,Not awarded,,,,
46,1941,"Gilbert Newton Lewis , George de Hevesy , Robert Robinson , Hermann Staudinger , Artturi Ilmari Virtanen , Fritz Kögl , Wendell Meredith Stanley , Vladimir Ipatieff , Linus Pauling , John Howard Northrop , James Batcheller Sumner , Moses Kunitz , Rudolph Schoenheimer , Paul Niggli , Donald Van Slyke , Albert Marcel Germain René Portevin",Not awarded,,Alive,,Not awarded,Not awarded,,,,
47,1942,"Gabriel Bertrand , Gilbert Newton Lewis , George de Hevesy , Robert Robinson , Otto Diels , Artturi Ilmari Virtanen , William Giauque , Kurt Alder , Gustaf Komppa , Fritz London , Wendell Meredith Stanley , Vladimir Ipatieff , Arthur Stoll , John Howard Northrop , René Bernard Wurmser , Ernest Kennaway , James Wilfred Cook , Walter Heitler",Not awarded,,Alive,,Not awarded,Not awarded,,,,
48,1943,"Gilbert Newton Lewis , George de Hevesy , Robert Robinson , Otto Diels , Artturi Ilmari Virtanen , Fritz Kögl , Kurt Alder , Gustaf Komppa , Wendell Meredith Stanley , Linus Pauling , John Howard Northrop , Tadeusz Reichstein",George de Hevesy,1885,1966,Stockholm University,"""for his work on the use of isotopes as tracers in the study of chemical processes""",HUNGARY,Hungary,.hu,HU,HUN
49,1944,"Walther Nernst , Gabriel Bertrand , Otto Hahn , Gilbert Newton Lewis , George de Hevesy , Lise Meitner , Robert Robinson , Otto Diels , Jaroslav Heyrovský , Fritz Kögl , Kurt Alder , Gustaf Komppa , Wendell Meredith Stanley , Conrad Elvehjem , Linus Pauling , Jacques Tréfouël , John Howard Northrop , James Batcheller Sumner , Ernest Kennaway , James Wilfred Cook , Tadeusz Reichstein , Vincent du Vigneaud , Harry Steenbock , Edward Charles Dodds , Klaus Clusius , Karl Paul Link , Henry Eyring , Willard Libby , Efraim Racker , Henry Montague (Monty) Frey",Otto Hahn,1879,1968,Max Planck Institute for Chemistry,"""for his discovery of the fission of heavy nuclei""",GERMANY,The Federal Republic of Germany,.de,DE,DEU
50,1945,"Robert Robinson , Artturi Ilmari Virtanen , Fritz Kögl , Gustaf Komppa , Wendell Meredith Stanley , Robley Cook Williams , John Howard Northrop , James Batcheller Sumner , Donald Van Slyke , Albert Marcel Germain René Portevin , Tadeusz Reichstein , Vincent du Vigneaud , Arne Fredrik Westgren",Artturi Ilmari Virtanen,1895,1973,University of Helsinki,"""for his research and inventions in agricultural and nutrition chemistry, especially for his fodder preservation method""",FINLAND,The Republic of Finland,.fi,FI,FIN
51,1946,"Gabriel Bertrand , Gilbert Newton Lewis , Casimir Funk , Robert Robinson , Hermann Staudinger , Wendell Meredith Stanley , Linus Pauling , Jacques Tréfouël , John Howard Northrop , James Batcheller Sumner , Klaus Clusius , Hans Adolf Krebs , Robert Burns Woodward , Hugh Stott Taylor , William von Eggers Doering , Alexander Frumkin , Nikolay Semyonov",James Batcheller Sumner,1887,1955,Cornell University,"""for his discovery that enzymes can be crystallized""",United States,,,,
52,1946,"Gabriel Bertrand , Gilbert Newton Lewis , Casimir Funk , Robert Robinson , Hermann Staudinger , Wendell Meredith Stanley , Linus Pauling , Jacques Tréfouël , John Howard Northrop , James Batcheller Sumner , Klaus Clusius , Hans Adolf Krebs , Robert Burns Woodward , Hugh Stott Taylor , William von Eggers Doering , Alexander Frumkin , Nikolay Semyonov",John Howard Northrop,1891,1987,Rockefeller University,"""for their preparation of enzymes and virus proteins in a pure form""",United States,,,,
53,1946,"Gabriel Bertrand , Gilbert Newton Lewis , Casimir Funk , Robert Robinson , Hermann Staudinger , Wendell Meredith Stanley , Linus Pauling , Jacques Tréfouël , John Howard Northrop , James Batcheller Sumner , Klaus Clusius , Hans Adolf Krebs , Robert Burns Woodward , Hugh Stott Taylor , William von Eggers Doering , Alexander Frumkin , Nikolay Semyonov",Wendell Meredith Stanley,1904,1971,Rockefeller University,"""for their preparation of enzymes and virus proteins in a pure form""",United States,,,,
54,1947,"Walther Nernst , Gabriel Bertrand , Otto Hahn , Lise Meitner , Robert Robinson , Hermann Staudinger , Jaroslav Heyrovský , William Giauque , Tadeusz Reichstein , Vincent du Vigneaud , Klaus Clusius , Robert Burns Woodward , William von Eggers Doering , Nikolay Semyonov , Cyril Norman Hinshelwood , Arne Tiselius , Henri Devaux[305] , Leo Szilard , J.R. Geigy SA (founded by J. R. Geigy-Merian)[308][309] , Paul Läuger[311] , Otto Robert Frisch , Willard Libby , Efraim Racker , Henry Montague (Monty) Frey",Sir Robert Robinson,1886,1975,,"""for his investigations on plant products of biological importance, especially the alkaloids""",United Kingdom,,,,
55,1948,"Gabriel Bertrand , Friedrich Paneth , Johannes Nicolaus Brønsted , Charles Dufraisse , Hermann Staudinger , Fritz Kögl , William Giauque , Vladimir Ipatieff , Robley Cook Williams , Linus Pauling , Christopher Kelk Ingold , Albert Marcel Germain René Portevin , Tadeusz Reichstein , Vincent du Vigneaud , Klaus Clusius , Robert Burns Woodward , Nikolay Semyonov , Cyril Norman Hinshelwood , Arne Tiselius , Otto Robert Frisch , Edwin McMillan , Philip Abelson , Paul Lebeau , David Rittenberg , Alfred Mirsky , Paul Rabe , Gerhard Dickel , Joseph William Kennedy , Pierre Armand Jacquet , Morris Selig Kharasch , Roger Adams , Hans Meerwein , Arvid Hedvall , Chester Hamlin Werkman",Arne Wilhelm Kaurin Tiselius,1902,1971,Uppsala University,"""for his research on electrophoresis and adsorption analysis, especially for his discoveries concerning the complex nature of the serum proteins""",SWEDEN,The Kingdom of Sweden,.se,SE,SWE
56,1949,"Gabriel Bertrand , Paul Pascal , Johannes Nicolaus Brønsted , Hermann Staudinger , Otto Diels , Fritz Kögl , William Giauque , Kurt Alder , Vladimir Ipatieff , Ernest Fourneau , Linus Pauling , Christopher Kelk Ingold , Tadeusz Reichstein , Vincent du Vigneaud , Klaus Clusius , Cyril Norman Hinshelwood , Roger Adams , Arvid Hedvall , Chester Hamlin Werkman , Albert Kluyver , Harland Goff Wood , Alexander Robertus Todd , Edward Calvin Kendall , Edwin Joseph Cohn , George William Heise[336] , Karl Miescher , George Malcolm Dyson , Friedrich Richter[341] , Domingo Giribaldo , Ralph Walter Graystone Wyckoff , David Keilin , Karl August Folkers , Walter Reppe , William Cumming Rose , Michael Heidelberger",William Francis Giauque,1895,1982,"University of California, Berkeley","""for his contributions in the field of chemical thermodynamics, particularly concerning the behaviour of substances at extremely low temperatures""",United States,,,,
57,1950,"Walther Nernst , Gabriel Bertrand , Otto Hahn , Lise Meitner , Charles Dufraisse , Hermann Staudinger , Otto Diels , Jaroslav Heyrovský , Fritz Kögl , Max Bergmann , Kurt Alder , Wojciech Świętosławski , Fritz London , Vladimir Ipatieff , Arthur Stoll , Linus Pauling , Jacques Tréfouël , Christopher Kelk Ingold , Albert Marcel Germain René Portevin , James Wilfred Cook , Walter Heitler , Tadeusz Reichstein , Vincent du Vigneaud , Klaus Clusius , Henry Eyring , Hans Adolf Krebs , Nikolay Semyonov , Pierre Armand Jacquet , Arvid Hedvall , Chester Hamlin Werkman , Harland Goff Wood , David Keilin , Walter Reppe , William Cumming Rose , Archer Martin , Richard Laurence Millington Synge , Melvin Calvin , Dorothy Mary Crowfoot Hodgkin , Robert S. Mulliken , Paul Flory , Selman Waksman , Fritz Albert Lipmann , George Beadle , Thérèse Tréfouël , Gladwin Albert Hurst Buttle[365] , Arthur Wahl , John Warren Hamaker , Glenn E. Sheline [373] , Wendell Mitchell Latimer , Louis Werner , Isadore Perlman , Paul Kirk , Raphael Consden[374] , Arthur Hugh Gordon , Kaj Ulrik Linderstrøm-Lang , Edward Joseph Conway , Hermann Irving Schlesinger , Choh Hao Li , Burris Bell Cunningham , Willard Libby , Efraim Racker , Henry Montague (Monty) Frey",Otto Paul Hermann Diels,1876,1954,University of Kiel,"""for their discovery and development of the diene synthesis""",West Germany,,,,
58,1950,"Walther Nernst , Gabriel Bertrand , Otto Hahn , Lise Meitner , Charles Dufraisse , Hermann Staudinger , Otto Diels , Jaroslav Heyrovský , Fritz Kögl , Max Bergmann , Kurt Alder , Wojciech Świętosławski , Fritz London , Vladimir Ipatieff , Arthur Stoll , Linus Pauling , Jacques Tréfouël , Christopher Kelk Ingold , Albert Marcel Germain René Portevin , James Wilfred Cook , Walter Heitler , Tadeusz Reichstein , Vincent du Vigneaud , Klaus Clusius , Henry Eyring , Hans Adolf Krebs , Nikolay Semyonov , Pierre Armand Jacquet , Arvid Hedvall , Chester Hamlin Werkman , Harland Goff Wood , David Keilin , Walter Reppe , William Cumming Rose , Archer Martin , Richard Laurence Millington Synge , Melvin Calvin , Dorothy Mary Crowfoot Hodgkin , Robert S. Mulliken , Paul Flory , Selman Waksman , Fritz Albert Lipmann , George Beadle , Thérèse Tréfouël , Gladwin Albert Hurst Buttle[365] , Arthur Wahl , John Warren Hamaker , Glenn E. Sheline [373] , Wendell Mitchell Latimer , Louis Werner , Isadore Perlman , Paul Kirk , Raphael Consden[374] , Arthur Hugh Gordon , Kaj Ulrik Linderstrøm-Lang , Edward Joseph Conway , Hermann Irving Schlesinger , Choh Hao Li , Burris Bell Cunningham , Willard Libby , Efraim Racker , Henry Montague (Monty) Frey",Kurt Alder,1902,1958,University of Cologne,"""for their discovery and development of the diene synthesis""",West Germany,,,,
59,1951,"Hermann Staudinger , Fritz Kögl , Arthur Stoll , Linus Pauling , Jacques Tréfouël , Christopher Kelk Ingold , Vincent du Vigneaud , Klaus Clusius , Cyril Norman Hinshelwood , Edwin McMillan , Alexander Robertus Todd , Walter Reppe , Archer Martin , Richard Laurence Millington Synge , Selman Waksman , Raphael Consden[374] , Arthur Hugh Gordon , Choh Hao Li , Max Perutz , Yasuhiko Asahina , Ian Heilbron , Rudolph Peters",Edwin Mattison McMillan,1907,1991,"University of California, Berkeley","""for their discoveries in the chemistry of transuranium elements""",United States,,,,
60,1951,"Hermann Staudinger , Fritz Kögl , Arthur Stoll , Linus Pauling , Jacques Tréfouël , Christopher Kelk Ingold , Vincent du Vigneaud , Klaus Clusius , Cyril Norman Hinshelwood , Edwin McMillan , Alexander Robertus Todd , Walter Reppe , Archer Martin , Richard Laurence Millington Synge , Selman Waksman , Raphael Consden[374] , Arthur Hugh Gordon , Choh Hao Li , Max Perutz , Yasuhiko Asahina , Ian Heilbron , Rudolph Peters",Glenn Theodore Seaborg,1912,1999,,"""for their discoveries in the chemistry of transuranium elements""",United States,,,,
61,1952,"Walther Nernst , Otto Hahn , Sergei Winogradsky , Lise Meitner , Friedrich Paneth , Charles Dufraisse , Karl-Friedrich Bonhoeffer , Hermann Staudinger , Werner Kuhn , Jaroslav Heyrovský , Hugo Theorell , Paul Harteck , Arthur Stoll , Linus Pauling , James Wilfred Cook , Vincent du Vigneaud , Klaus Clusius , Cyril Norman Hinshelwood , Morris Selig Kharasch , Roger Adams , Hans Meerwein , Chester Hamlin Werkman , Harland Goff Wood , Alexander Robertus Todd , Ralph Walter Graystone Wyckoff , Walter Reppe , Archer Martin , Richard Laurence Millington Synge , Paul Flory , Fritz Albert Lipmann , Hermann Irving Schlesinger , Willard Libby , Yasuhiko Asahina , Frederick Sanger , Frits Zernike , Claude Hudson , Walther Kossel , Francis Simon , William Hume-Rothery , Marguerite Perey , Lyman Craig , Erich Müller (probably Erwin Wilhelm Müller) , Alexander Braunstein , Walter Hieber , Efraim Racker , Henry Montague (Monty) Frey",Archer John Porter Martin,1910,2002,National Institute for Medical Research,"""for their invention of partition chromatography""",United Kingdom,,,,
62,1952,"Walther Nernst , Otto Hahn , Sergei Winogradsky , Lise Meitner , Friedrich Paneth , Charles Dufraisse , Karl-Friedrich Bonhoeffer , Hermann Staudinger , Werner Kuhn , Jaroslav Heyrovský , Hugo Theorell , Paul Harteck , Arthur Stoll , Linus Pauling , James Wilfred Cook , Vincent du Vigneaud , Klaus Clusius , Cyril Norman Hinshelwood , Morris Selig Kharasch , Roger Adams , Hans Meerwein , Chester Hamlin Werkman , Harland Goff Wood , Alexander Robertus Todd , Ralph Walter Graystone Wyckoff , Walter Reppe , Archer Martin , Richard Laurence Millington Synge , Paul Flory , Fritz Albert Lipmann , Hermann Irving Schlesinger , Willard Libby , Yasuhiko Asahina , Frederick Sanger , Frits Zernike , Claude Hudson , Walther Kossel , Francis Simon , William Hume-Rothery , Marguerite Perey , Lyman Craig , Erich Müller (probably Erwin Wilhelm Müller) , Alexander Braunstein , Walter Hieber , Efraim Racker , Henry Montague (Monty) Frey",Richard Laurence Millington Synge,1914,1994,The Rowett Institute,"""for their invention of partition chromatography""",United Kingdom,,,,
63,1953,"Walther Nernst , Otto Hahn , Lise Meitner , Friedrich Paneth , Hermann Staudinger , Jaroslav Heyrovský , Hugo Theorell , Arthur Stoll , Linus Pauling , Christopher Kelk Ingold , Klaus Clusius , Robert Burns Woodward , Cyril Norman Hinshelwood , Morris Selig Kharasch , Hans Meerwein , Alexander Robertus Todd , Walter Reppe , Michael Heidelberger , Kaj Ulrik Linderstrøm-Lang , Hermann Irving Schlesinger , Choh Hao Li , Willard Libby , Ian Heilbron , Frederick Sanger , Lyman Craig , Emilio Segrè , Øjvind Winge , Izaak Maurits Kolthoff , Efraim Racker , Henry Montague (Monty) Frey",Hermann Staudinger,1881,1965,University of Freiburg,"""for his discoveries in the field of macromolecular chemistry""",West Germany,,,,
64,1954,"Walther Nernst , Otto Hahn , Lise Meitner , Friedrich Paneth , Charles Dufraisse , Jaroslav Heyrovský , Hugo Theorell , Arthur Stoll , Linus Pauling , Christopher Kelk Ingold , Vincent du Vigneaud , Klaus Clusius , Robert Burns Woodward , Morris Selig Kharasch , Hans Meerwein , Arvid Hedvall , Alexander Robertus Todd , David Keilin , Karl August Folkers , Walter Reppe , George Beadle , Hermann Irving Schlesinger , Willard Libby , Frederick Sanger , Francis Simon , Lyman Craig , Emilio Segrè , Edward Tatum , Karl Ziegler , Efraim Racker , Henry Montague (Monty) Frey",Linus Pauling,1901,1994,California Institute of Technology,"""for his research into the nature of the chemical bond and its application to the elucidation of the structure of complex substances""",United States,,,,
65,1955,"Walther Nernst , Gabriel Bertrand , Otto Hahn , Lise Meitner , Friedrich Paneth , Jaroslav Heyrovský , Hugo Theorell , Linus Pauling , Christopher Kelk Ingold , Vincent du Vigneaud , Klaus Clusius , Robert Burns Woodward , Nikolay Semyonov , Cyril Norman Hinshelwood , Morris Selig Kharasch , Arvid Hedvall , Alexander Robertus Todd , David Keilin , Walter Reppe , Hermann Irving Schlesinger , Willard Libby , Frederick Sanger , Lyman Craig , Emilio Segrè , Giulio Natta , George Porter , Lars Onsager , Louis Fieser , Josef Mattauch , Félix Trombe , Max Volmer , Fritz Feigl , John Clarke Slater , Martin Kamen , Efraim Racker , Henry Montague (Monty) Frey",Vincent du Vigneaud,1901,1978,Cornell University,"""for his work on biochemically important sulphur compounds, especially for the first synthesis of a polypeptide hormone""",United States,,,,
66,1956,"Walther Nernst , Otto Hahn , Lise Meitner , Friedrich Paneth , Niels Bjerrum , Charles Dufraisse , Werner Kuhn , Jaroslav Heyrovský , Erik Karl Mauritz Hägglund , Robley Cook Williams , Christopher Kelk Ingold , Klaus Clusius , Robert Burns Woodward , Nikolay Semyonov , Cyril Norman Hinshelwood , Morris Selig Kharasch , Hans Meerwein , Arvid Hedvall , Alexander Robertus Todd , Walter Reppe , Dorothy Mary Crowfoot Hodgkin , Paul Flory , Kaj Ulrik Linderstrøm-Lang , Hermann Irving Schlesinger , Choh Hao Li , Willard Libby , Frederick Sanger , Lyman Craig , Walter Hieber , Emilio Segrè , Karl Ziegler , George Porter , Lars Onsager , Max Volmer , Severo Ochoa de Albornoz , Georges Lemaître , Ernest Gale , Joan P. Folkes , Boris Arbuzov , Aleksandr Arbuzov , Heinz Fraenkel-Conrat , Jannik Bjerrum , Friedrich Emil Brauns , Karl Freudenberg , Efraim Racker , Henry Montague (Monty) Frey",Sir Cyril Norman Hinshelwood,1897,1967,,"""for their researches into the mechanism of chemical reactions""",United Kingdom,,,,
67,1956,"Walther Nernst , Otto Hahn , Lise Meitner , Friedrich Paneth , Niels Bjerrum , Charles Dufraisse , Werner Kuhn , Jaroslav Heyrovský , Erik Karl Mauritz Hägglund , Robley Cook Williams , Christopher Kelk Ingold , Klaus Clusius , Robert Burns Woodward , Nikolay Semyonov , Cyril Norman Hinshelwood , Morris Selig Kharasch , Hans Meerwein , Arvid Hedvall , Alexander Robertus Todd , Walter Reppe , Dorothy Mary Crowfoot Hodgkin , Paul Flory , Kaj Ulrik Linderstrøm-Lang , Hermann Irving Schlesinger , Choh Hao Li , Willard Libby , Frederick Sanger , Lyman Craig , Walter Hieber , Emilio Segrè , Karl Ziegler , George Porter , Lars Onsager , Max Volmer , Severo Ochoa de Albornoz , Georges Lemaître , Ernest Gale , Joan P. Folkes , Boris Arbuzov , Aleksandr Arbuzov , Heinz Fraenkel-Conrat , Jannik Bjerrum , Friedrich Emil Brauns , Karl Freudenberg , Efraim Racker , Henry Montague (Monty) Frey",Nikolay Nikolaevich Semenov,1896,1986,"Moscow State University,Institute for Chemical Physics of the Academy of Sciences of the USSR","""for their researches into the mechanism of chemical reactions""",Soviet Union,,,,
68,1957,"Walther Nernst , Gabriel Bertrand , Otto Hahn , Lise Meitner , Paul Pascal , Friedrich Paneth , Werner Kuhn , Jaroslav Heyrovský , Wojciech Świętosławski , Arthur Stoll , Christopher Kelk Ingold , Klaus Clusius , Robert Burns Woodward , Nikolay Semyonov , Morris Selig Kharasch , Roger Adams , Hans Meerwein , Arvid Hedvall , Alexander Robertus Todd , Walter Reppe , William Cumming Rose , Melvin Calvin , Dorothy Mary Crowfoot Hodgkin , Robert S. Mulliken , Paul Flory , Hermann Irving Schlesinger , Willard Libby , Frederick Sanger , William Hume-Rothery , Lyman Craig , Emilio Segrè , Karl Ziegler , Giulio Natta , Lars Onsager , Fritz Feigl , Severo Ochoa de Albornoz , Aleksandr Arbuzov , Karl Freudenberg , Oswald Avery , Colin Munro MacLeod , Maclyn McCarty , Marietta Blau , Paul Henri Charpentier , Charles DuBois Coryell , Maurice-Marie Janot , Aleksandr Volodymyrovych Palladin , Georg Stadnikov , Eric Rideal , Bernard Leonard Horecker , Friedrich Hund , Erich Hückel , Carl Wagner , Efraim Racker , Henry Montague (Monty) Frey",Lord (Alexander R.) Todd,1907,1997,,"""for his work on nucleotides and nucleotide co-enzymes""",United Kingdom,,,,
69,1958,"Walther Nernst , Otto Hahn , Lise Meitner , Paul Pascal , Friedrich Paneth , Charles Dufraisse , Werner Kuhn , Jaroslav Heyrovský , Wojciech Świętosławski , Christopher Kelk Ingold , Klaus Clusius , Henry Eyring , Robert Burns Woodward , Hans Meerwein , Arvid Hedvall , Karl August Folkers , Walter Reppe , Melvin Calvin , Kaj Ulrik Linderstrøm-Lang , Hermann Irving Schlesinger , Choh Hao Li , Willard Libby , Frederick Sanger , Marguerite Perey , Lyman Craig , Emilio Segrè , Karl Ziegler , Giulio Natta , Lars Onsager , Severo Ochoa de Albornoz , Jannik Bjerrum , Karl Freudenberg , Carl Wagner , Luis Federico Leloir , Gerhard Herzberg , Vladimir Prelog , Georg Wittig , Maria Goeppert Mayer , Johannes Hans Daniel Jensen , Bogdan Kamieński , Max Mousseron , Yoshiyuki Toyama , Yevgeny Zavoisky , Jean Brachet , Gerold Schwarzenbach , Herman Francis Mark , Efraim Racker , Henry Montague (Monty) Frey",Frederick Sanger,1918,2013,University of Cambridge,"""for his work on the structure of proteins, especially that of insulin""",United Kingdom,,,,
70,1959,"Walther Nernst , Otto Hahn , Lise Meitner , Werner Kuhn , Jaroslav Heyrovský , Arthur Stoll , Christopher Kelk Ingold , Albert Marcel Germain René Portevin , Walter Heitler , Klaus Clusius , Henry Eyring , Robert Burns Woodward , Roger Adams , Hans Meerwein , Walter Reppe , William Cumming Rose , Melvin Calvin , Dorothy Mary Crowfoot Hodgkin , Edward Joseph Conway , Hermann Irving Schlesinger , Choh Hao Li , Willard Libby , Max Perutz , Lyman Craig , Karl Ziegler , Giulio Natta , Josef Mattauch , Max Volmer , Severo Ochoa de Albornoz , Carl Wagner , Vladimir Prelog , John Kendrew , Arthur Kornberg , Feodor Lynen , David Ezra Green , Francis Owen Rice , Günter Scheibe , Frederick Rossini , Jean Marcel Albert Chedin , Bror Alexander Ludvig Holmberg , Egon Wiberg , William Gardner Pfann , Walter Hans Schottky , Michael Polanyi , Efraim Racker , Henry Montague (Monty) Frey",Jaroslav Heyrovský,1890,1967,Czechoslovak Academy of Sciences,"""for his discovery and development of the polarographic methods of analysis""",Czechoslovakia,,,,
71,1960,"Paul Pascal , Otto Heinrich Warburg , Werner Kuhn , Wojciech Świętosławski , Arthur Stoll , Christopher Kelk Ingold , Karl Paul Link , Henry Eyring , Robert Burns Woodward , Roger Adams , Hans Meerwein , Arvid Hedvall , David Keilin , Walter Reppe , Melvin Calvin , Dorothy Mary Crowfoot Hodgkin , Hermann Irving Schlesinger , Max Perutz , Lyman Craig , Karl Ziegler , Giulio Natta , Lars Onsager , Max Volmer , Heinz Fraenkel-Conrat , Jannik Bjerrum , Karl Freudenberg , Gerhard Herzberg , Georg Wittig , Yevgeny Zavoisky , Gerold Schwarzenbach , Feodor Lynen , William Gardner Pfann , Michael Polanyi , Derek Barton , Odd Hassel , Ilya Prigogine , James Watson , Francis Crick , Maurice Wilkins , Alfred Hershey , Wilhelm Gerard Burgers , Martin Deutsch , Andrew Benson , Howard Cary , Arnold Orville Beckman , Jo Engl , Joseph Massolle , Hans Vogt , Roger John Williams , Martha Cowles Chase , Alfred Gierer , John G. Aston , Gerhard Schramm , Manfred Eigen",Willard Frank Libby,1908,1980,,"""for his method to use carbon-14 for age determination in archaeology, geology, geophysics, and other branches of science""",United States,,,,
72,1961,"Werner Kuhn , Christopher Kelk Ingold , Klaus Clusius , Henry Eyring , Robert Burns Woodward , Hans Meerwein , Karl August Folkers , Walter Reppe , Melvin Calvin , Dorothy Mary Crowfoot Hodgkin , Robert S. Mulliken , Hermann Irving Schlesinger , Choh Hao Li , Max Perutz , Marguerite Perey , Karl Ziegler , Giulio Natta , George Porter , Félix Trombe , Aleksandr Arbuzov , Heinz Fraenkel-Conrat , Jannik Bjerrum , Karl Freudenberg , Bernard Leonard Horecker , Luis Federico Leloir , Gerhard Herzberg , Georg Wittig , John Kendrew , Feodor Lynen , Derek Barton , Ronald George Wreyford Norrish , Konrad Emil Bloch , Torbjörn Caspersson , Pierre Van Rysselberghe , Robert Corey , Bo Lars Gunnar Sillén , Georges Chaudron , Johannes Martin Bijvoet , Daniel Israel Arnon , Harry George Drickamer , Leslie Orgel",Melvin Calvin,1911,1997,"University of California, Berkeley","""for his research on the carbon dioxide assimilation in plants""",United States,,,,
73,1962,"Werner Kuhn , Christopher Kelk Ingold , Robert Burns Woodward , Alexander Frumkin , Hans Meerwein , Arvid Hedvall , Karl August Folkers , Walter Reppe , William Cumming Rose , Michael Heidelberger , Dorothy Mary Crowfoot Hodgkin , Burris Bell Cunningham , Max Perutz , Karl Ziegler , Giulio Natta , Lars Onsager , Fritz Feigl , Martin Kamen , Aleksandr Arbuzov , Heinz Fraenkel-Conrat , Luis Federico Leloir , John Kendrew , Feodor Lynen , Derek Barton , James Watson , Francis Crick , Maurice Wilkins , Alfred Gierer , Manfred Eigen , Konrad Emil Bloch , Robert Corey , Daniel Israel Arnon , Ernst Otto Fischer , Louis Néel , Nikolay Vasilyevich Belov , Maurice Stacey , Tadeusz Urbanski , Karl-Wolfgang Mundry , Peter Pauson , Clemens Josef Schöpf , Alexander Pavlovich Vinogradov , Sanʼichirō Mizushima , Louis Plack Hammett , Carl Djerassi",Max Ferdinand Perutz,1914,2002,MRC Laboratory of Molecular Biology,"""for their studies of the structures of globular proteins""",United Kingdom,,,,
74,1962,"Werner Kuhn , Christopher Kelk Ingold , Robert Burns Woodward , Alexander Frumkin , Hans Meerwein , Arvid Hedvall , Karl August Folkers , Walter Reppe , William Cumming Rose , Michael Heidelberger , Dorothy Mary Crowfoot Hodgkin , Burris Bell Cunningham , Max Perutz , Karl Ziegler , Giulio Natta , Lars Onsager , Fritz Feigl , Martin Kamen , Aleksandr Arbuzov , Heinz Fraenkel-Conrat , Luis Federico Leloir , John Kendrew , Feodor Lynen , Derek Barton , James Watson , Francis Crick , Maurice Wilkins , Alfred Gierer , Manfred Eigen , Konrad Emil Bloch , Robert Corey , Daniel Israel Arnon , Ernst Otto Fischer , Louis Néel , Nikolay Vasilyevich Belov , Maurice Stacey , Tadeusz Urbanski , Karl-Wolfgang Mundry , Peter Pauson , Clemens Josef Schöpf , Alexander Pavlovich Vinogradov , Sanʼichirō Mizushima , Louis Plack Hammett , Carl Djerassi",John Cowdery Kendrew,1917,1997,MRC Laboratory of Molecular Biology,"""for their studies of the structures of globular proteins""",United Kingdom,,,,
75,1963,"Werner Kuhn , Fritz London , Christopher Kelk Ingold , Walter Heitler , Henry Eyring , Robert Burns Woodward , Alexander Frumkin , Hans Meerwein , Dorothy Mary Crowfoot Hodgkin , Robert S. Mulliken , Choh Hao Li , Burris Bell Cunningham , Max Perutz , Izaak Maurits Kolthoff , Karl Ziegler , Giulio Natta , Fritz Feigl , Martin Kamen , Heinz Fraenkel-Conrat , Jannik Bjerrum , Carl Wagner , Luis Federico Leloir , Gerhard Herzberg , Georg Wittig , Gerold Schwarzenbach , John Kendrew , Feodor Lynen , Derek Barton , Odd Hassel , Gerhard Schramm , Manfred Eigen , Konrad Emil Bloch , Georges Chaudron , Louis Plack Hammett , Herbert Charles Brown , Har Gobind Khorana , Wilhelm Ludwig August Geilmann , Dionýz Ilkovič , Noel Bryan Slater , Gunnar Blix , Ernst Klenk , Stanley Bruckenstein[531] , James Baddiley , Fritz Arndt , John Monteath Robertson , Edgar Bright Wilson Jr. , Alberte Bucher Pullman , Bernard Pullman , Saul Winstein , Alfred Valentin Champagnat , Neil Bartlett",Karl Ziegler,1898,1973,Max Planck Institute for Coal Research,"""for their discoveries in the field of the chemistry and technology of high polymers""",West Germany,,,,
76,1963,"Werner Kuhn , Fritz London , Christopher Kelk Ingold , Walter Heitler , Henry Eyring , Robert Burns Woodward , Alexander Frumkin , Hans Meerwein , Dorothy Mary Crowfoot Hodgkin , Robert S. Mulliken , Choh Hao Li , Burris Bell Cunningham , Max Perutz , Izaak Maurits Kolthoff , Karl Ziegler , Giulio Natta , Fritz Feigl , Martin Kamen , Heinz Fraenkel-Conrat , Jannik Bjerrum , Carl Wagner , Luis Federico Leloir , Gerhard Herzberg , Georg Wittig , Gerold Schwarzenbach , John Kendrew , Feodor Lynen , Derek Barton , Odd Hassel , Gerhard Schramm , Manfred Eigen , Konrad Emil Bloch , Georges Chaudron , Louis Plack Hammett , Herbert Charles Brown , Har Gobind Khorana , Wilhelm Ludwig August Geilmann , Dionýz Ilkovič , Noel Bryan Slater , Gunnar Blix , Ernst Klenk , Stanley Bruckenstein[531] , James Baddiley , Fritz Arndt , John Monteath Robertson , Edgar Bright Wilson Jr. , Alberte Bucher Pullman , Bernard Pullman , Saul Winstein , Alfred Valentin Champagnat , Neil Bartlett",Giulio Natta,1903,1979,Polytechnic University of Milan,"""for their discoveries in the field of the chemistry and technology of high polymers""",ITALY,The Italian Republic,.it,IT,ITA
77,1964,"Werner Kuhn , Christopher Kelk Ingold , Walter Heitler , Henry Eyring , Robert Burns Woodward , Alexander Frumkin , Hans Meerwein , Dorothy Mary Crowfoot Hodgkin , Robert S. Mulliken , Paul Flory , Burris Bell Cunningham , George Porter , Lars Onsager , Max Volmer , Martin Kamen , Jannik Bjerrum , Carl Wagner , Luis Federico Leloir , Vladimir Prelog , Georg Wittig , Gerold Schwarzenbach , Feodor Lynen , Derek Barton , Gerhard Schramm , Manfred Eigen , Ronald George Wreyford Norrish , Konrad Emil Bloch , Bo Lars Gunnar Sillén , Georges Chaudron , Johannes Martin Bijvoet , Louis Néel , Alexander Pavlovich Vinogradov , Sanʼichirō Mizushima , Louis Plack Hammett , Carl Djerassi , Herbert Charles Brown , Fritz Arndt , Neil Bartlett , Charles Coulson , Edmund Hirst , Gopalasamudram Narayana Ramachandran , Émile-Florent Terroine , Paul Zamecnik , Kazuo Yamafuji (山藤 一雄 ヤマフジ カズオ) , Arthur Holmes , John Gunnar Malm , Howard H. Claassen , Henry H. Selig , Alexander Oparin , Georg-Maria Schwab , Bernd Theodor Matthias , František Šorm , Efraim Katchalski-Katzir",Dorothy Crowfoot Hodgkin,1910,1994,University of Oxford,"""for her determinations by X-ray techniques of the structures of important biochemical substances""",United Kingdom,,,,
78,1965,"Christopher Kelk Ingold , Henry Eyring , Robert Burns Woodward , Alexander Frumkin , Hans Meerwein , Robert S. Mulliken , Paul Flory , Burris Bell Cunningham , Marguerite Perey , Lyman Craig , Walter Hieber , George Porter , Lars Onsager , Max Volmer , John Clarke Slater , Jannik Bjerrum , Karl Freudenberg , Erich Hückel , Luis Federico Leloir , Gerhard Herzberg , Vladimir Prelog , Georg Wittig , Gerold Schwarzenbach , Herman Francis Mark , Feodor Lynen , Egon Wiberg , William Gardner Pfann , Derek Barton , Odd Hassel , Gerhard Schramm , Manfred Eigen , Ronald George Wreyford Norrish , Bo Lars Gunnar Sillén , Georges Chaudron , Daniel Israel Arnon , Harry George Drickamer , Alexander Pavlovich Vinogradov , Louis Plack Hammett , Carl Djerassi , Har Gobind Khorana , Fritz Arndt , Alberte Bucher Pullman , Bernard Pullman , Neil Bartlett , Arthur Holmes , John Gunnar Malm , Howard H. Claassen , Henry H. Selig , John Warcup Cornforth Jr. , Jacques Monod , J Jacob , Paul Doughty Bartlett , G. I. Arnon (prob. Daniel I. Arnon) , Salomon Cohen (prob. Seymour S. Cohen) , Oganes K. Davtyan , Ulick Richardson Evans , Stanley George Mason , Geoffrey Ingram Taylor , Henrik Gunnar Lundegårdh , Leonard (Len) E. Mortenson , Raymond Carlyle Valentine , James Elliot Carnahan , André Guinier , Ivan Stranski , Jean Roche , Erwin Chargaff , Otto Kratky , Alan Walsh , Charles Prévost , Rudolf Criegee , Alfred Rieche , George Joseph Popják , Rudolf Hoppe , Albert Eschenmoser , Marshall Warren Nirenberg",Robert Burns Woodward,1917,1979,Harvard University,"""for his outstanding achievements in the art of organic synthesis""",United States,,,,
79,1966,"Christopher Kelk Ingold , Alexander Frumkin , Walter Reppe , William Cumming Rose , Robert S. Mulliken , Burris Bell Cunningham , Marguerite Perey , Walter Hieber , George Porter , Lars Onsager , Fritz Feigl , John Clarke Slater , Karl Freudenberg , Erich Hückel , Carl Wagner , Luis Federico Leloir , Gerhard Herzberg , Vladimir Prelog , Georg Wittig , Jean Brachet , William Gardner Pfann , Walter Hans Schottky , Derek Barton , Odd Hassel , Ilya Prigogine , John G. Aston , Gerhard Schramm , Manfred Eigen , Ronald George Wreyford Norrish , Johannes Martin Bijvoet , Daniel Israel Arnon , Harry George Drickamer , Carl Djerassi , Herbert Charles Brown , Har Gobind Khorana , Fritz Arndt , Saul Winstein , Alfred Valentin Champagnat , Neil Bartlett , John Gunnar Malm , Howard H. Claassen , Henry H. Selig , Bernd Theodor Matthias , Efraim Katchalski-Katzir , John Warcup Cornforth Jr. , Jean Roche , Alan Walsh , Charles Prévost , Rudolf Criegee , Alfred Rieche , George Joseph Popják , Albert Eschenmoser , Marshall Warren Nirenberg , Robert William Holley , Stanford Moore , William Howard Stein , Richard Barrer , Bernard Halpern , Kurt Bruno Hannig [601] , James Franklin Hyde , Arthur Lüttringhaus , Edwin Theodore Mertz , Laurens Lambertus Marie van Deenen , G. Horrëus de Haas[608] , Charles Louis Marie Claude Vernet , Bernard Maurice Lainé , Jean Antoine Filosa , Sol Spiegelman , Thiruvengadam Rajendram Seshadri , Kenneth Pitzer , Robert Schwyzer",Robert S. Mulliken,1896,1986,University of Chicago,"""for his fundamental work concerning chemical bonds and the electronic structure of molecules by the molecular orbital method""",United States,,,,
80,1967,"Christopher Kelk Ingold , Alexander Frumkin , Choh Hao Li , Burris Bell Cunningham , Erich Müller (probably Erwin Wilhelm Müller) , Alexander Braunstein , George Porter , Lars Onsager , Fritz Feigl , Aleksandr Arbuzov , Jannik Bjerrum , Karl Freudenberg , Erich Hückel , Luis Federico Leloir , Vladimir Prelog , Georg Wittig , Herman Francis Mark , Michael Polanyi , Derek Barton , Odd Hassel , Gerhard Schramm , Manfred Eigen , Ronald George Wreyford Norrish , Johannes Martin Bijvoet , Daniel Israel Arnon , Harry George Drickamer , Ernst Otto Fischer , Sanʼichirō Mizushima , Louis Plack Hammett , Herbert Charles Brown , Har Gobind Khorana , Fritz Arndt , Saul Winstein , Neil Bartlett , František Šorm , Efraim Katchalski-Katzir , John Warcup Cornforth Jr. , Ivan Stranski , Jean Roche , Erwin Chargaff , Otto Kratky , Alan Walsh , Rudolf Criegee , Alfred Rieche , George Joseph Popják , Rudolf Hoppe , Marshall Warren Nirenberg , Robert William Holley , Kenneth Pitzer , Geoffrey Wilkinson , Robert Bruce Merrifield , George Wald , Manuel Ballester Boix , Jean Lecomte , Max Rudolf ""Rudi"" Lemberg , James Joseph Lingane[623] , Richard Alan Morton[625] , Giorgio Piccardi , Hans Eduard Schmid , Frank Harold Spedding , Ahmed Riad (Reyad) Tourky[630] , Ellison Hall Taylor[632] , Sheldon Datz , Mary Belle Allen , Frederick Robert Whatley , Stephen Brunauer , Paul Hugh Emmett , Edward Teller , Esmond Emerson Snell , Frank Albert Cotton",Manfred Eigen,1927,2019,Max Planck Institute for Biophysical Chemistry,"""for their studies of extremely fast chemical reactions, effected by disturbing the equilibrium by means of very short pulses of energy""",West Germany,,,,
81,1967,"Christopher Kelk Ingold , Alexander Frumkin , Choh Hao Li , Burris Bell Cunningham , Erich Müller (probably Erwin Wilhelm Müller) , Alexander Braunstein , George Porter , Lars Onsager , Fritz Feigl , Aleksandr Arbuzov , Jannik Bjerrum , Karl Freudenberg , Erich Hückel , Luis Federico Leloir , Vladimir Prelog , Georg Wittig , Herman Francis Mark , Michael Polanyi , Derek Barton , Odd Hassel , Gerhard Schramm , Manfred Eigen , Ronald George Wreyford Norrish , Johannes Martin Bijvoet , Daniel Israel Arnon , Harry George Drickamer , Ernst Otto Fischer , Sanʼichirō Mizushima , Louis Plack Hammett , Herbert Charles Brown , Har Gobind Khorana , Fritz Arndt , Saul Winstein , Neil Bartlett , František Šorm , Efraim Katchalski-Katzir , John Warcup Cornforth Jr. , Ivan Stranski , Jean Roche , Erwin Chargaff , Otto Kratky , Alan Walsh , Rudolf Criegee , Alfred Rieche , George Joseph Popják , Rudolf Hoppe , Marshall Warren Nirenberg , Robert William Holley , Kenneth Pitzer , Geoffrey Wilkinson , Robert Bruce Merrifield , George Wald , Manuel Ballester Boix , Jean Lecomte , Max Rudolf ""Rudi"" Lemberg , James Joseph Lingane[623] , Richard Alan Morton[625] , Giorgio Piccardi , Hans Eduard Schmid , Frank Harold Spedding , Ahmed Riad (Reyad) Tourky[630] , Ellison Hall Taylor[632] , Sheldon Datz , Mary Belle Allen , Frederick Robert Whatley , Stephen Brunauer , Paul Hugh Emmett , Edward Teller , Esmond Emerson Snell , Frank Albert Cotton",Ronald George Wreyford Norrish,1897,1978,University of Cambridge,"""for their studies of extremely fast chemical reactions, effected by disturbing the equilibrium by means of very short pulses of energy""",United Kingdom,,,,
82,1967,"Christopher Kelk Ingold , Alexander Frumkin , Choh Hao Li , Burris Bell Cunningham , Erich Müller (probably Erwin Wilhelm Müller) , Alexander Braunstein , George Porter , Lars Onsager , Fritz Feigl , Aleksandr Arbuzov , Jannik Bjerrum , Karl Freudenberg , Erich Hückel , Luis Federico Leloir , Vladimir Prelog , Georg Wittig , Herman Francis Mark , Michael Polanyi , Derek Barton , Odd Hassel , Gerhard Schramm , Manfred Eigen , Ronald George Wreyford Norrish , Johannes Martin Bijvoet , Daniel Israel Arnon , Harry George Drickamer , Ernst Otto Fischer , Sanʼichirō Mizushima , Louis Plack Hammett , Herbert Charles Brown , Har Gobind Khorana , Fritz Arndt , Saul Winstein , Neil Bartlett , František Šorm , Efraim Katchalski-Katzir , John Warcup Cornforth Jr. , Ivan Stranski , Jean Roche , Erwin Chargaff , Otto Kratky , Alan Walsh , Rudolf Criegee , Alfred Rieche , George Joseph Popják , Rudolf Hoppe , Marshall Warren Nirenberg , Robert William Holley , Kenneth Pitzer , Geoffrey Wilkinson , Robert Bruce Merrifield , George Wald , Manuel Ballester Boix , Jean Lecomte , Max Rudolf ""Rudi"" Lemberg , James Joseph Lingane[623] , Richard Alan Morton[625] , Giorgio Piccardi , Hans Eduard Schmid , Frank Harold Spedding , Ahmed Riad (Reyad) Tourky[630] , Ellison Hall Taylor[632] , Sheldon Datz , Mary Belle Allen , Frederick Robert Whatley , Stephen Brunauer , Paul Hugh Emmett , Edward Teller , Esmond Emerson Snell , Frank Albert Cotton",George Porter,1920,2002,,"""for their studies of extremely fast chemical reactions, effected by disturbing the equilibrium by means of very short pulses of energy""",United Kingdom,,,,
83,1968,"Christopher Kelk Ingold , Henry Eyring , William von Eggers Doering , Alexander Frumkin , Michael Heidelberger , Paul Flory , Burris Bell Cunningham , Walter Hieber , Lars Onsager , John Clarke Slater , Martin Kamen , Aleksandr Arbuzov , Karl Freudenberg , Erich Hückel , Carl Wagner , Luis Federico Leloir , Vladimir Prelog , Georg Wittig , Gerold Schwarzenbach , Herman Francis Mark , William Gardner Pfann , Derek Barton , Odd Hassel , Gerhard Schramm , Georges Chaudron , Johannes Martin Bijvoet , Daniel Israel Arnon , Harry George Drickamer , Ernst Otto Fischer , Sanʼichirō Mizushima , Louis Plack Hammett , Carl Djerassi , Herbert Charles Brown , Har Gobind Khorana , James Baddiley , Fritz Arndt , Alberte Bucher Pullman , Bernard Pullman , Saul Winstein , Neil Bartlett , Efraim Katchalski-Katzir , John Warcup Cornforth Jr. , Otto Kratky , Alan Walsh , Rudolf Criegee , Alfred Rieche , George Joseph Popják , Albert Eschenmoser , Marshall Warren Nirenberg , Robert William Holley , Thiruvengadam Rajendram Seshadri , Kenneth Pitzer , Geoffrey Wilkinson , Robert Bruce Merrifield , Donald James Cram , George Andrew Olah , Erika Cremer , Kenneth George Denbigh , Joseph Oakland Hirschfelder , Eugene Patrick Kennedy , Boris Kozyrev [ru] , Alfred O. C. Nier , Eiji Ochiai[651] , Eugene George Rochow , Einar August Stenhagen , Hans Tuppy , Anthony Leonid Turkevich , David Warren Turner , Otto Hermann Eduard Westphal , Aharon Katzir-Katchalsky , Brian Edward Cross[660] , Yusuke Sumiki[665] , Teijirō Yabuta , Bernard Lewis , Yakov Borisovich Zeldovich , Léon Velluz[668] , Maurice Legrand , Marc Grosjean , Arie Jan Haagen-Smit , Henri Normant[674] , Klaus Biemann , Ivo Zvara , Georgy Nikolayevich Flerov",Lars Onsager,1903,1976,Yale University,"""for the discovery of the reciprocal relations bearing his name, which are fundamental for the thermodynamics of irreversible processes""",United States,,,,
84,1969,"Christopher Kelk Ingold , Walter Heitler , Henry Eyring , Alexander Frumkin , Arvid Hedvall , Paul Flory , Burris Bell Cunningham , Rudolph Peters , Lyman Craig , Erich Müller (probably Erwin Wilhelm Müller) , Alexander Braunstein , Walter Hieber , John Clarke Slater , Martin Kamen , Karl Freudenberg , Friedrich Hund , Erich Hückel , Carl Wagner , Luis Federico Leloir , Gerhard Herzberg , Vladimir Prelog , Georg Wittig , Herman Francis Mark , Walter Hans Schottky , Derek Barton , Odd Hassel , Alfred Hershey , Johannes Martin Bijvoet , Daniel Israel Arnon , Harry George Drickamer , Ernst Otto Fischer , Louis Plack Hammett , Carl Djerassi , Herbert Charles Brown , Fritz Arndt , John Monteath Robertson , Edgar Bright Wilson Jr. , Alberte Bucher Pullman , Bernard Pullman , Saul Winstein , Neil Bartlett , Alexander Oparin , Georg-Maria Schwab , Efraim Katchalski-Katzir , John Warcup Cornforth Jr. , Otto Kratky , Alan Walsh , Charles Prévost , Rudolf Criegee , Alfred Rieche , George Joseph Popják , Albert Eschenmoser , Kenneth Pitzer , Robert Schwyzer , Geoffrey Wilkinson , Robert Bruce Merrifield , Esmond Emerson Snell , Donald James Cram , George Andrew Olah , Henri Normant[674] , Klaus Biemann , Georgy Nikolayevich Flerov , Konstantin Antonovich Petrzhak (Pietrzak) , Kai Manne Börje Siegbahn , Horace Albert ""Nook"" Barker , Francis Pettit Bundy , Raymond Jean Calas[683] , Harry Julius Emeléus , Theodor Förster , Rolf Huisgen , Charles Lambert Marie Joseph Manneback , David Nachmansohn , Roberto Piontelli[690] , Eugene Rabinowitch , Petr Aleksandrovich Rebinder , Horst Tobias Witt , Melville Lawrence Wolfrom , Helmut Zahn , László Zechmeister , Jacques Bénard , Adolphe (Emile Philippe) Van Tiggelen , John Machlin Buchanan , Egon Peter Gustav Stahl , Franz Sondheimer , Marc Julia , Costin D. Neniţescu , Rowland Pettit , Friedrich Wilhelm Jost , Albert Kirrmann , Alexander Nikolaevich Nesmeyanov , Pehr Victor Edman , Jerker Porath , Harden M. McConnell , Gilbert Stork",Derek H. R. Barton,1918,1998,Imperial College London,"""for their contributions to the development of the concept of conformation and its application in chemistry""",United Kingdom,,,,
85,1969,"Christopher Kelk Ingold , Walter Heitler , Henry Eyring , Alexander Frumkin , Arvid Hedvall , Paul Flory , Burris Bell Cunningham , Rudolph Peters , Lyman Craig , Erich Müller (probably Erwin Wilhelm Müller) , Alexander Braunstein , Walter Hieber , John Clarke Slater , Martin Kamen , Karl Freudenberg , Friedrich Hund , Erich Hückel , Carl Wagner , Luis Federico Leloir , Gerhard Herzberg , Vladimir Prelog , Georg Wittig , Herman Francis Mark , Walter Hans Schottky , Derek Barton , Odd Hassel , Alfred Hershey , Johannes Martin Bijvoet , Daniel Israel Arnon , Harry George Drickamer , Ernst Otto Fischer , Louis Plack Hammett , Carl Djerassi , Herbert Charles Brown , Fritz Arndt , John Monteath Robertson , Edgar Bright Wilson Jr. , Alberte Bucher Pullman , Bernard Pullman , Saul Winstein , Neil Bartlett , Alexander Oparin , Georg-Maria Schwab , Efraim Katchalski-Katzir , John Warcup Cornforth Jr. , Otto Kratky , Alan Walsh , Charles Prévost , Rudolf Criegee , Alfred Rieche , George Joseph Popják , Albert Eschenmoser , Kenneth Pitzer , Robert Schwyzer , Geoffrey Wilkinson , Robert Bruce Merrifield , Esmond Emerson Snell , Donald James Cram , George Andrew Olah , Henri Normant[674] , Klaus Biemann , Georgy Nikolayevich Flerov , Konstantin Antonovich Petrzhak (Pietrzak) , Kai Manne Börje Siegbahn , Horace Albert ""Nook"" Barker , Francis Pettit Bundy , Raymond Jean Calas[683] , Harry Julius Emeléus , Theodor Förster , Rolf Huisgen , Charles Lambert Marie Joseph Manneback , David Nachmansohn , Roberto Piontelli[690] , Eugene Rabinowitch , Petr Aleksandrovich Rebinder , Horst Tobias Witt , Melville Lawrence Wolfrom , Helmut Zahn , László Zechmeister , Jacques Bénard , Adolphe (Emile Philippe) Van Tiggelen , John Machlin Buchanan , Egon Peter Gustav Stahl , Franz Sondheimer , Marc Julia , Costin D. Neniţescu , Rowland Pettit , Friedrich Wilhelm Jost , Albert Kirrmann , Alexander Nikolaevich Nesmeyanov , Pehr Victor Edman , Jerker Porath , Harden M. McConnell , Gilbert Stork",Odd Hassel,1897,1981,University of Oslo,"""for their contributions to the development of the concept of conformation and its application in chemistry""",NORWAY,The Kingdom of Norway,.no,NO,NOR
86,1970,"Paul Sabatier , Paul Walden , John Jacob Abel , Louis Camille Maillard , Christopher Kelk Ingold , Walter Heitler , Henry Eyring , Glenn Theodore Seaborg , Paul Flory , Burris Bell Cunningham , Axel Edvin Lindh , Izaak Maurits Kolthoff , John Clarke Slater , Martin Kamen , Karl Freudenberg , Erich Hückel , Carl Wagner , Luis Federico Leloir , Gerhard Herzberg , Vladimir Prelog , Georg Wittig , Gerold Schwarzenbach , Herman Francis Mark , Michael Polanyi , Britton Chance , Johannes Martin Bijvoet , Daniel Israel Arnon , Harry George Drickamer , Leslie Orgel , Ernst Otto Fischer , Sanʼichirō Mizushima , Louis Plack Hammett , Carl Djerassi , Saul Winstein , Alfred Valentin Champagnat , Neil Bartlett , Bernd Theodor Matthias , František Šorm , Efraim Katchalski-Katzir , John Warcup Cornforth Jr. , Charles Prévost , Rudolf Criegee , Alfred Rieche , George Joseph Popják , Rudolf Hoppe , Albert Eschenmoser , Stanford Moore , William Howard Stein , Robert Schwyzer , Geoffrey Wilkinson , Robert Bruce Merrifield , Frank Albert Cotton , Arie Jan Haagen-Smit , Henri Normant[674] , Klaus Biemann , Kai Manne Börje Siegbahn , Alexander Nikolaevich Nesmeyanov , Pehr Victor Edman , Jerker Porath , Harden M. McConnell , Gilbert Stork , Jerome Karle , John Charles Polanyi , Karl Sune Detlof Bergström , Walter Houser Brattain , J. D. Bernal , Gaston Charlot , Michel Marcel Delhaye , Boris Vladimirovich Derjagin , Nikolay Markovich Emanuel , George Scatchard[722] , Hermann Theodor Felix Wieland , David 'Davy' Adriaan van Dorp , David Mervyn Blow , David Chilton Phillips , Walter Hückel , Christian Klixbüll-Jørgensen[729] , John Wilson (""Jack"") Boag , Edwin James (""Ed"") Hart[734] , Robert LeRoy Platzman[735] , Bernhardt Patrick John O’Mara Bockris , Herbert Spencer Harned[738] , Joseph Chatt , Stig Melker Claesson , George Simms Hammond , Aleksandr Nikolaevich Terenin , Charles Gilbert Overberger , Jack Sylvester Hine , Wolfgang Kirmse , Tetsuo Nozoe",Luis F. Leloir,1906,1987,,"""for his discovery of sugar nucleotides and their role in the biosynthesis of carbohydrates""",ARGENTINA,The Argentine Republic,.ar,AR,ARG
87,1971,,Gerhard Herzberg,1904,1999,National Research Council Canada,"""for his contributions to the knowledge of electronic structure and geometry of molecules, particularly free radicals""",CANADA,Canada,.ca,CA,CAN
88,1972,,Christian B. Anfinsen,1916,1995,National Institutes of Health,"""for his work on ribonuclease, especially concerning the connection between the amino acid sequence and the biologically active conformation""",United States,,,,
89,1972,,Stanford Moore,1913,1982,Rockefeller University,"""for their contribution to the understanding of the connection between chemical structure and catalytic activity of the active centre of the ribonuclease molecule""",United States,,,,
90,1972,,William H. Stein,1911,1980,,"""for their contribution to the understanding of the connection between chemical structure and catalytic activity of the active centre of the ribonuclease molecule""",United States,,,,
91,1973,,Ernst Otto Fischer,1918,2007,Technical University of Munich,"""for their pioneering work, performed independently, on the chemistry of the organometallic, so called sandwich compounds""",West Germany,,,,
92,1973,,Geoffrey Wilkinson,1921,1996,Imperial College London,"""for their pioneering work, performed independently, on the chemistry of the organometallic, so called sandwich compounds""",United Kingdom,,,,
93,1974,,Paul J. Flory,1910,1985,,"""for his fundamental work, both theoretical and experimental, in the physical chemistry of macromolecules""",United States,,,,
94,1975,,John Warcup Cornforth,1917,2013,University of Sussex,"""for his work on the stereochemistry of enzyme-catalyzed reactions""",AUSTRALIA,The Commonwealth of Australia,.au,AU,AUS
95,1975,,Vladimir Prelog,1906,1998,ETH Zurich,"""for his research into the stereochemistry of organic molecules and reactions""",Yugoslavia,,,,
96,1976,,William N. Lipscomb,1919,2011,,"""for his studies on the structure of boranes illuminating problems of chemical bonding""",United States,,,,
97,1977,,Ilya Prigogine,1917,2003,"University of Texas at Austin,Université libre de Bruxelles","""for his contributions to non-equilibrium thermodynamics, particularly the theory of dissipative structures""",BELGIUM,The Kingdom of Belgium,.be,BE,BEL
98,1978,,Peter D. Mitchell,1920,1992,Glynn Research Laboratories,"""for his contribution to the understanding of biological energy transfer through the formulation of the chemiosmotic theory""",United Kingdom,,,,
99,1979,,Herbert C. Brown,1912,2004,Purdue University,"""for their development of the use of boron- and phosphorus-containing compounds, respectively, into important reagents in organic synthesis""",United States,,,,
100,1979,,Georg Wittig,1897,1987,Heidelberg University,"""for their development of the use of boron- and phosphorus-containing compounds, respectively, into important reagents in organic synthesis""",West Germany,,,,
101,1980,,Paul Berg,1926,2023,Stanford University,"""for his fundamental studies of the biochemistry of nucleic acids, with particular regard to recombinant-DNA""",United States,,,,
102,1980,,Walter Gilbert,1932,Alive,Harvard University,"""for their contributions concerning the determination of base sequences in nucleic acids""",United States,,,,
103,1980,,Frederick Sanger,1918,2013,University of Cambridge,"""for their contributions concerning the determination of base sequences in nucleic acids""",United Kingdom,,,,
104,1981,,Kenichi Fukui,1918,1998,Kyoto University,"""for their theories, developed independently, concerning the course of chemical reactions""",JAPAN,Japan,.jp,JP,JPN
105,1981,,Roald Hoffmann,1937,Alive,Cornell University,"""for their theories, developed independently, concerning the course of chemical reactions""",United States,,,,
106,1982,,Aaron Klug,1926,2018,MRC Laboratory of Molecular Biology,"""for his development of crystallographic electron microscopy and his structural elucidation of biologically important nucleic acid-protein complexes""",United Kingdom,,,,
107,1983,,Henry Taube,1915,2005,Stanford University,"""for his work on the mechanisms of electron transfer reactions, especially in metal complexes""",United States,,,,
108,1984,,Robert Bruce Merrifield,1921,2006,Rockefeller University,"""for his development of methodology for chemical synthesis on a solid matrix""",United States,,,,
109,1985,,Herbert A. Hauptman,1917,2011,Medical Foundation of Buffalo,"""for their outstanding achievements in developing direct methods for the determination of crystal structures""",United States,,,,
110,1985,,Jerome Karle,1918,2013,United States Naval Research Laboratory,"""for their outstanding achievements in developing direct methods for the determination of crystal structures""",United States,,,,
111,1986,,Dudley R. Herschbach,1932,Alive,Harvard University,"""for their contributions concerning the dynamics of chemical elementary processes""",United States,,,,
112,1986,,Yuan T. Lee,1936,Alive,"University of California, Berkeley","""for their contributions concerning the dynamics of chemical elementary processes""",United States,,,,
113,1986,,John C. Polanyi,1929,Alive,,"""for their contributions concerning the dynamics of chemical elementary processes""",CANADA,Canada,.ca,CA,CAN
114,1987,,Donald J. Cram,1919,2001,"University of California, Los Angeles","""for their development and use of molecules with structure-specific interactions of high selectivity""",United States,,,,
115,1987,,Jean-Marie Lehn,1939,Alive,"Louis Pasteur University,Collège de France","""for their development and use of molecules with structure-specific interactions of high selectivity""",FRANCE,The French Republic,.fr,FR,FRA
116,1987,,Charles J. Pedersen,1904,1989,DuPont,"""for their development and use of molecules with structure-specific interactions of high selectivity""",United States,,,,
117,1988,,Johann Deisenhofer,1943,Alive,"University of Texas Southwestern Medical Center,Howard Hughes Medical Institute","""for their determination of the three-dimensional structure of a photosynthetic reaction centre""",West Germany,,,,
118,1988,,Robert Huber,1937,Alive,Max Planck Institute of Biochemistry,"""for their determination of the three-dimensional structure of a photosynthetic reaction centre""",West Germany,,,,
119,1988,,Hartmut Michel,1948,Alive,Max Planck Institute of Biophysics,"""for their determination of the three-dimensional structure of a photosynthetic reaction centre""",West Germany,,,,
120,1989,,Sidney Altman,1939,2022,Yale University,"""for their discovery of catalytic properties of RNA""",CANADA,Canada,.ca,CA,CAN
121,1989,,Thomas Cech,1947,Alive,University of Colorado Boulder,"""for their discovery of catalytic properties of RNA""",United States,,,,
122,1990,,Elias James Corey,1928,Alive,Harvard University,"""for his development of the theory and methodology of organic synthesis""",United States,,,,
123,1991,,Richard R. Ernst,1933,2021,ETH Zurich,"""for his contributions to the development of the methodology of high resolution nuclear magnetic resonance (NMR) spectroscopy""",SWITZERLAND,The Swiss Confederation,.ch,CH,CHE
124,1992,,Rudolph A. Marcus,1923,Alive,California Institute of Technology,"""for his contributions to the theory of electron transfer reactions in chemical systems""",United States,,,,
125,1993,,Kary B. Mullis,1944,2019,,"""for contributions to the developments of methods within DNA-based chemistry [...] for his invention of the polymerase chain reaction (PCR) method""",United States,,,,
126,1993,,Michael Smith,1932,2000,University of British Columbia,"""for contributions to the developments of methods within DNA-based chemistry [...] for his fundamental contributions to the establishment of oligonucleotide-based, site-directed mutagenesis and its development for protein studies""",CANADA,Canada,.ca,CA,CAN
127,1994,,George A. Olah,1927,2017,,"""for his contribution to carbocation chemistry""",United States,,,,
128,1995,,Paul J. Crutzen,1933,2021,Max Planck Institute for Chemistry,"""for their work in atmospheric chemistry, particularly concerning the formation and decomposition of ozone""",Netherlands,,,,
129,1995,,Mario J. Molina,1943,2020,,"""for their work in atmospheric chemistry, particularly concerning the formation and decomposition of ozone""",MEXICO,The United Mexican States,.mx,MX,MEX
130,1995,,Frank Sherwood Rowland,1927,2012,,"""for their work in atmospheric chemistry, particularly concerning the formation and decomposition of ozone""",United States,,,,
131,1996,,Robert F. Curl Jr.,1933,2022,Rice University,"""for their discovery of fullerenes""",United States,,,,
132,1996,,Sir Harold W. Kroto,1939,2016,University of Sussex,"""for their discovery of fullerenes""",United Kingdom,,,,
133,1996,,Richard E. Smalley,1943,2005,,"""for their discovery of fullerenes""",United States,,,,
134,1997,,Paul D. Boyer,1918,2018,"University of California, Los Angeles","""for their elucidation of the enzymatic mechanism underlying the synthesis of adenosine triphosphate (ATP)""",United States,,,,
135,1997,,John E. Walker,1941,Alive,MRC Laboratory of Molecular Biology,"""for their elucidation of the enzymatic mechanism underlying the synthesis of adenosine triphosphate (ATP)""",United Kingdom,,,,
136,1997,,Jens C. Skou,1918,2018,Aarhus University,"""for the first discovery of an ion-transporting enzyme, Na+, K+ -ATPase""",DENMARK,The Kingdom of Denmark,.dk,DK,DNK
137,1998,,Walter Kohn,1923,2016,"University of California, Santa Barbara","""for his development of the density-functional theory""",United States,,,,
138,1998,,John A. Pople,1925,2004,,"""for his development of computational methods in quantum chemistry""",United Kingdom,,,,
139,1999,,Ahmed Zewail,1946,2016,California Institute of Technology,"""for his studies of the transition states of chemical reactions using femtosecond spectroscopy""",United States,,,,
140,2000,,Alan J. Heeger,1936,Alive,"University of California, Santa Barbara","""for their discovery and development of conductive polymers""",United States,,,,
141,2000,,Alan G. MacDiarmid,1927,2007,,"""for their discovery and development of conductive polymers""",United States,,,,
142,2000,,Hideki Shirakawa,1936,Alive,University of Tsukuba,"""for their discovery and development of conductive polymers""",JAPAN,Japan,.jp,JP,JPN
143,2001,,William S. Knowles,1917,2012,,"""for their work on chirally catalysed hydrogenation reactions""",United States,,,,
144,2001,,Ryōji Noyori,1938,Alive,Nagoya University,"""for their work on chirally catalysed hydrogenation reactions""",JAPAN,Japan,.jp,JP,JPN
145,2001,,K. Barry Sharpless,1941,Alive,,"""for his work on chirally catalysed oxidation reactions""",United States,,,,
146,2002,,Koichi Tanaka,1959,Alive,Shimadzu,"""for the development of methods for identification and structure analyses of biological macromolecules [...] for their development of soft desorption ionisation methods for mass spectrometric analyses of biological macromolecules""",JAPAN,Japan,.jp,JP,JPN
147,2002,,Kurt Wüthrich,1938,Alive,"Scripps Research,ETH Zurich","""for the development of methods for identification and structure analyses of biological macromolecules [...] for his development of nuclear magnetic resonance spectroscopy for determining the three-dimensional structure of biological macromolecules in solution""",SWITZERLAND,The Swiss Confederation,.ch,CH,CHE
148,2003,,Peter Agre,1949,Alive,Johns Hopkins School of Medicine,"""for discoveries concerning channels in cell membranes [...] for the discovery of water channels""",United States,,,,
149,2003,,Roderick MacKinnon,1956,Alive,"Howard Hughes Medical Institute,Rockefeller University","""for discoveries concerning channels in cell membranes [...] for structural and mechanistic studies of ion channels""",United States,,,,
150,2004,,Aaron Ciechanover,1947,Alive,Technion – Israel Institute of Technology,"""for the discovery of ubiquitin-mediated protein degradation""",Israel,,,,
151,2004,,Avram Hershko,1937,Alive,Technion – Israel Institute of Technology,"""for the discovery of ubiquitin-mediated protein degradation""",Israel,,,,
152,2004,,Irwin Rose,1926,2015,"University of California, Irvine","""for the discovery of ubiquitin-mediated protein degradation""",United States,,,,
153,2005,,Yves Chauvin,1930,2015,French Institute of Petroleum,"""for the development of the metathesis method in organic synthesis""",FRANCE,The French Republic,.fr,FR,FRA
154,2005,,Robert H. Grubbs,1942,2021,California Institute of Technology,"""for the development of the metathesis method in organic synthesis""",United States,,,,
155,2005,,Richard R. Schrock,1945,Alive,Massachusetts Institute of Technology,"""for the development of the metathesis method in organic synthesis""",United States,,,,
156,2006,,Roger D. Kornberg,1947,Alive,Stanford University,"""for his studies of the molecular basis of eukaryotic transcription""",United States,,,,
157,2007,,Gerhard Ertl,1936,Alive,Fritz Haber Institute of the Max Planck Society,"""for his studies of chemical processes on solid surfaces""",GERMANY,The Federal Republic of Germany,.de,DE,DEU
158,2008,,Osamu Shimomura,1928,2018,"Boston University School of Medicine,Marine Biological Laboratory","""for the discovery and development of the green fluorescent protein, GFP""",JAPAN,Japan,.jp,JP,JPN
159,2008,,Martin Chalfie,1947,Alive,Columbia University,"""for the discovery and development of the green fluorescent protein, GFP""",United States,,,,
160,2008,,Roger Y. Tsien,1952,2016,"University of California, San Diego,Howard Hughes Medical Institute","""for the discovery and development of the green fluorescent protein, GFP""",United States,,,,
161,2009,,Venkatraman Ramakrishnan,1952,Alive,MRC Laboratory of Molecular Biology,"""for studies of the structure and function of the ribosome""",United States,,,,
162,2009,,Thomas A. Steitz,1940,2018,"Howard Hughes Medical Institute,Yale University","""for studies of the structure and function of the ribosome""",United States,,,,
163,2009,,Ada E. Yonath,1939,Alive,,"""for studies of the structure and function of the ribosome""",Israel,,,,
164,2010,,Richard F. Heck,1931,2015,University of Delaware,"""for palladium-catalyzed cross couplings in organic synthesis""",United States,,,,
165,2010,,Ei-ichi Negishi,1935,2021,Purdue University,"""for palladium-catalyzed cross couplings in organic synthesis""",JAPAN,Japan,.jp,JP,JPN
166,2010,,Akira Suzuki,1930,Alive,Hokkaido University,"""for palladium-catalyzed cross couplings in organic synthesis""",JAPAN,Japan,.jp,JP,JPN
167,2011,,Dan Shechtman,1941,Alive,Technion – Israel Institute of Technology,"""for the discovery of quasicrystals""",Israel,,,,
168,2012,,Robert Lefkowitz,1943,Alive,"Duke University Medical Center,Howard Hughes Medical Institute","""for studies of G-protein-coupled receptors""",United States,,,,
169,2012,,Brian Kobilka,1955,Alive,Stanford University School of Medicine,"""for studies of G-protein-coupled receptors""",United States,,,,
170,2013,,Martin Karplus,1930,Alive,"University of Strasbourg,Harvard University","""for the development of multiscale models for complex chemical systems""",United States,,,,
171,2013,,Michael Levitt,1947,Alive,Stanford University School of Medicine,"""for the development of multiscale models for complex chemical systems""",United States,,,,
172,2013,,Arieh Warshel,1940,Alive,University of Southern California,"""for the development of multiscale models for complex chemical systems""",United States,,,,
173,2014,,Eric Betzig,1960,Alive,Janelia Research Campus,"""for the development of super-resolved fluorescence microscopy""",United States,,,,
174,2014,,Stefan W. Hell,1962,Alive,,"""for the development of super-resolved fluorescence microscopy""",GERMANY,The Federal Republic of Germany,.de,DE,DEU
175,2014,,William E. Moerner,1953,Alive,Stanford University,"""for the development of super-resolved fluorescence microscopy""",United States,,,,
176,2015,,Tomas Lindahl,1938,Alive,"Francis Crick Institute,Clare Hall laboratories","""for mechanistic studies of DNA repair""",SWEDEN,The Kingdom of Sweden,.se,SE,SWE
177,2015,,Paul L. Modrich,1946,Alive,"Howard Hughes Medical Institute,Duke University School of Medicine","""for mechanistic studies of DNA repair""",United States,,,,
178,2015,,Aziz Sancar,1946,Alive,University of North Carolina at Chapel Hill,"""for mechanistic studies of DNA repair""",United States,,,,
179,2016,,Jean-Pierre Sauvage,1944,Alive,University of Strasbourg,"""for the design and synthesis of molecular machines""",FRANCE,The French Republic,.fr,FR,FRA
180,2016,,Fraser Stoddart,1942,Alive,Northwestern University,"""for the design and synthesis of molecular machines""",United Kingdom,,,,
181,2016,,Ben Feringa,1951,Alive,University of Groningen,"""for the design and synthesis of molecular machines""",Netherlands,,,,
182,2017,,Jacques Dubochet,1942,Alive,University of Lausanne,"""for developing cryo-electron microscopy for the high-resolution structure determination of biomolecules in solution""",SWITZERLAND,The Swiss Confederation,.ch,CH,CHE
183,2017,,Joachim Frank,1940,Alive,Columbia University,"""for developing cryo-electron microscopy for the high-resolution structure determination of biomolecules in solution""",GERMANY,The Federal Republic of Germany,.de,DE,DEU
184,2017,,Richard Henderson,1945,Alive,MRC Laboratory of Molecular Biology,"""for developing cryo-electron microscopy for the high-resolution structure determination of biomolecules in solution""",United Kingdom,,,,
185,2018,,Frances Arnold,1956,Alive,California Institute of Technology,"""for the directed evolution of enzymes""",United States,,,,
186,2018,,George Smith,1941,Alive,,"""for the phage display of peptides and antibodies""",United States,,,,
187,2018,,Sir Gregory Winter,1951,Alive,,"""for the phage display of peptides and antibodies""",United Kingdom,,,,
188,2019,,John B. Goodenough,1922,2023,University of Texas at Austin,"""for the development of lithium ion batteries""",United States,,,,
189,2019,,M. Stanley Whittingham,1941,Alive,Binghamton University,"""for the development of lithium ion batteries""",United Kingdom,,,,
190,2019,,Akira Yoshino,1948,Alive,"Asahi Kasei,Meijo University","""for the development of lithium ion batteries""",JAPAN,Japan,.jp,JP,JPN
191,2020,,Emmanuelle Charpentier,1968,Alive,Max Planck Unit for the Science of Pathogens,"""for the development of a method for genome editing""",FRANCE,The French Republic,.fr,FR,FRA
192,2020,,Jennifer Doudna,1964,Alive,"University of California, Berkeley","""for the development of a method for genome editing""",United States,,,,
193,2021,,Benjamin List,1968,Alive,Max Planck Institute for Coal Research,"""for the development of asymmetric organocatalysis""",GERMANY,The Federal Republic of Germany,.de,DE,DEU
194,2021,,David W.C. MacMillan,1968,Alive,,"""for the development of asymmetric organocatalysis""",United Kingdom,,,,
195,2022,,Carolyn Bertozzi,1966,Alive,"Stanford University,Howard Hughes Medical Institute","""for the development of click chemistry and bioorthogonal chemistry""",United States,,,,
196,2022,,Morten Meldal,1954,Alive,,"""for the development of click chemistry and bioorthogonal chemistry""",DENMARK,The Kingdom of Denmark,.dk,DK,DNK
197,2022,,K. Barry Sharpless,1941,Alive,,"""for the development of click chemistry and bioorthogonal chemistry""",United States,,,,
198,2023,,Moungi G. Bawendi,1961,Alive,,"""for the discovery and synthesis of quantum dots""",United States,,,,
199,2023,,Alexey Ekimov,1945,Alive,,"""for the discovery and synthesis of quantum dots""",Russia,,,,
